Dataset,IR,Method,cost_r1,cost_r2,cost_r5,cost_r10,cost_r20,cost_r50,fit_seconds
australian_credit,1.247557003257329,GradientBoost+Elkan,0.12463768115942028,0.17826086956521742,0.27246376811594203,0.3492753623188406,0.5623188405797102,0.6753623188405797,1.2913981914520263
australian_credit,1.247557003257329,GradientBoost+t05,0.12463768115942028,0.1869565217391304,0.3739130434782608,0.6855072463768116,1.308695652173913,3.1782608695652175,1.2913981914520263
australian_credit,1.247557003257329,Pool-uniform+Elkan,0.13333333333333336,0.17391304347826086,0.24347826086956523,0.33768115942028987,0.5,0.5492753623188407,6.660501289367676
australian_credit,1.247557003257329,Pool-uniform+t05,0.13333333333333336,0.18985507246376812,0.35942028985507246,0.6420289855072464,1.2072463768115942,2.9028985507246374,6.660501289367676
australian_credit,1.247557003257329,RandomBalance+Elkan,0.12753623188405797,0.1753623188405797,0.2768115942028985,0.40869565217391307,0.5101449275362319,0.555072463768116,14.713501739501954
australian_credit,1.247557003257329,RandomBalance+t05,0.12753623188405797,0.16376811594202897,0.272463768115942,0.4536231884057971,0.8159420289855073,1.9028985507246379,14.713501739501954
australian_credit,1.247557003257329,RandomForest+Elkan,0.14492753623188406,0.18405797101449275,0.29130434782608694,0.4231884057971015,0.5347826086956522,0.5072463768115941,1.3234856605529786
australian_credit,1.247557003257329,RandomForest+t05,0.14492753623188406,0.21304347826086958,0.41739130434782606,0.7579710144927536,1.4391304347826088,3.482608695652174,1.3234856605529786
australian_credit,1.247557003257329,SPE+Elkan,0.1289855072463768,0.1681159420289855,0.24347826086956523,0.363768115942029,0.5159420289855072,0.555072463768116,12.272585725784301
australian_credit,1.247557003257329,SPE+t05,0.1289855072463768,0.18405797101449275,0.3492753623188406,0.6246376811594203,1.1753623188405797,2.827536231884058,12.272585725784301
banknote,1.2491803278688525,GradientBoost+Elkan,0.004376907763769077,0.008751161247511612,0.012390179163901791,0.017486396814863966,0.015309887193098873,0.04154479097544791,1.6500892162322998
banknote,1.2491803278688525,GradientBoost+t05,0.004376907763769077,0.005834107498341075,0.010205706702057065,0.017491705374917052,0.03206370272063702,0.07577969475779696,1.6500892162322998
banknote,1.2491803278688525,Pool-uniform+Elkan,0.009481088254810883,0.013852687458526875,0.02552090245520903,0.0466542800265428,0.07070471134704712,0.16542800265428004,12.639065837860107
banknote,1.2491803278688525,Pool-uniform+t05,0.009481088254810883,0.013125414731254148,0.02405839416058394,0.04228002654280026,0.07872329130723292,0.18805308560053086,12.639065837860107
banknote,1.2491803278688525,RandomBalance+Elkan,0.01604777704047777,0.03283078964830789,0.06421234240212342,0.10943331121433311,0.14517584605175846,0.20636230922362309,22.34713797569275
banknote,1.2491803278688525,RandomBalance+t05,0.01604777704047777,0.018229595222295954,0.0247750497677505,0.035684140676841405,0.057502322495023225,0.12295686794956869,22.34713797569275
banknote,1.2491803278688525,RandomForest+Elkan,0.0065666887856668885,0.008751161247511612,0.014582614465826144,0.029157266091572664,0.04955540809555408,0.10203583278035833,2.1201563358306883
banknote,1.2491803278688525,RandomForest+t05,0.0065666887856668885,0.008026542800265428,0.012406104844061048,0.01970537491705375,0.034303915063039155,0.07809953550099535,2.1201563358306883
banknote,1.2491803278688525,SPE+Elkan,0.01020836098208361,0.01312806901128069,0.020414067684140676,0.047381552753815524,0.07871798274717982,0.1785560716655607,18.41081624031067
banknote,1.2491803278688525,SPE+t05,0.01020836098208361,0.013852687458526875,0.024785666887856668,0.043007299270073,0.07945056403450565,0.18878035832780357,18.41081624031067
breast_cancer,1.6839622641509433,GradientBoost+Elkan,0.04916938363608135,0.07025306629405371,0.0896599906846763,0.14420121099208197,0.18983077161931378,0.42189101071262225,2.8289591312408446
breast_cancer,1.6839622641509433,GradientBoost+t05,0.04916938363608135,0.08253376804843968,0.18262692128551467,0.3494488433473063,0.6830926874708896,1.6840242198416395,2.8289591312408446
breast_cancer,1.6839622641509433,Pool-uniform+Elkan,0.04042850489054495,0.0615277130880298,0.0878590281012265,0.1335662164260208,0.20919111939139884,0.41332091290172335,28.605603551864625
breast_cancer,1.6839622641509433,Pool-uniform+t05,0.04042850489054495,0.0615277130880298,0.12482533768048439,0.23032137866790867,0.44131346064275734,1.0742897065673032,28.605603551864625
breast_cancer,1.6839622641509433,RandomBalance+Elkan,0.043921751280857006,0.07205402887750349,0.11248253376804844,0.1863375252290017,0.2688557677379289,0.39495419965843814,70.14553666114807
breast_cancer,1.6839622641509433,RandomBalance+t05,0.043921751280857006,0.06852973140816643,0.1423536717900947,0.2653935724266418,0.511473373699736,1.2497127775190187,70.14553666114807
breast_cancer,1.6839622641509433,RandomForest+Elkan,0.03688868188169538,0.05270920664493091,0.10891165968017388,0.16519174041297935,0.26017699115044246,0.31963980748331006,2.3687720775604246
breast_cancer,1.6839622641509433,RandomForest+t05,0.03688868188169538,0.05621797857475547,0.11420586865393571,0.2108523521192361,0.40414531904983697,0.9840242198416395,2.3687720775604246
breast_cancer,1.6839622641509433,SPE+Elkan,0.04218289085545722,0.059742276044092525,0.08967551622418879,0.1335662164260208,0.2127464679397609,0.46245924545877964,27.24523820877075
breast_cancer,1.6839622641509433,SPE+t05,0.04218289085545722,0.06503648501785438,0.1335972675050458,0.2478652383170315,0.47640117994100295,1.1620090048129172,27.24523820877075
digits_0,9.095505617977528,GradientBoost+Elkan,0.0055710306406685246,0.008356545961002786,0.015595790776849272,0.026737852058186316,0.05069018879603837,0.11809965954812751,4.273445796966553
digits_0,9.095505617977528,GradientBoost+t05,0.0055710306406685246,0.008356545961002786,0.016713091922005572,0.030640668523676882,0.05849582172701949,0.14206128133704735,4.273445796966553
digits_0,9.095505617977528,Pool-uniform+Elkan,0.0077963478799133405,0.013919839059114824,0.022827298050139274,0.03841380377592077,0.06958836273599504,0.08405601980810894,28.584828853607178
digits_0,9.095505617977528,Pool-uniform+t05,0.0077963478799133405,0.010581863200247602,0.018938409161250384,0.0328659857629217,0.06072113896626432,0.14428659857629217,28.584828853607178
digits_0,9.095505617977528,RandomBalance+Elkan,0.009466109563602599,0.014480037140204271,0.02283348808418446,0.032299597647787066,0.048447848963169296,0.06069328381306097,151.21111145019532
digits_0,9.095505617977528,RandomBalance+t05,0.009466109563602599,0.012807180439492416,0.02283039306716187,0.03953574744661096,0.07294645620550913,0.17317858248220364,151.21111145019532
digits_0,9.095505617977528,RandomForest+Elkan,0.003899721448467966,0.003899721448467966,0.007240792324357784,0.012245434849891674,0.023930671618693902,0.08459610027855154,2.963468074798584
digits_0,9.095505617977528,RandomForest+t05,0.003899721448467966,0.007799442896935932,0.019498607242339833,0.03899721448467967,0.07799442896935933,0.19498607242339833,2.963468074798584
digits_0,9.095505617977528,SPE+Elkan,0.004456824512534819,0.008909006499535747,0.008909006499535747,0.025600433302383162,0.05008511296812133,0.10016558341070876,17.085513591766357
digits_0,9.095505617977528,SPE+t05,0.004456824512534819,0.006685236768802229,0.013370473537604458,0.024512534818941507,0.0467966573816156,0.11364902506963788,17.085513591766357
digits_1,8.873626373626374,GradientBoost+Elkan,0.008344165892912411,0.013905911482513153,0.02781027545651501,0.043949241720829466,0.03613122872175797,0.08449086969978334,3.7024765014648438
digits_1,8.873626373626374,GradientBoost+t05,0.008344165892912411,0.0133488084184463,0.02836273599504797,0.05338594862271743,0.10343237387805633,0.2535716496440731,3.7024765014648438
digits_1,8.873626373626374,Pool-uniform+Elkan,0.009458372021046116,0.025035592695759827,0.06454812751470133,0.08848653667595172,0.13690962550294025,0.20091303002166513,33.09919943809509
digits_1,8.873626373626374,Pool-uniform+t05,0.009458372021046116,0.011680594243268339,0.018347260909935003,0.02945837202104612,0.05168059424326834,0.11834726090993501,33.09919943809509
digits_1,8.873626373626374,RandomBalance+Elkan,0.01057257814917982,0.01891674404209223,0.0506298359640978,0.0845605075827917,0.11240018570102135,0.1625177963478799,143.6235152721405
digits_1,8.873626373626374,RandomBalance+t05,0.01057257814917982,0.015023212627669452,0.02837511606313835,0.05062828845558651,0.09513463324048282,0.22865366759517175,143.6235152721405
digits_1,8.873626373626374,RandomForest+Elkan,0.01224233983286908,0.006675951717734448,0.02281027545651501,0.04674404209223151,0.09348653667595172,0.19756422160321882,2.644861030578613
digits_1,8.873626373626374,RandomForest+t05,0.01224233983286908,0.0228149179820489,0.054532652429588366,0.10739554317548747,0.21312132466728567,0.5302986691426803,2.644861030578613
digits_1,8.873626373626374,SPE+Elkan,0.006677499226245745,0.01613122872175797,0.044514082327452804,0.09403899721448468,0.16974001857010212,0.38511761064685857,16.16178011894226
digits_1,8.873626373626374,SPE+t05,0.006677499226245745,0.007788610337356855,0.01112194367069019,0.016677499226245743,0.027788610337356856,0.06112194367069018,16.16178011894226
digits_8,9.327586206896552,GradientBoost+Elkan,0.017804085422469824,0.03227329000309502,0.05673320953265243,0.08452800990405447,0.15458991024450636,0.19468121324667287,3.687973213195801
digits_8,9.327586206896552,GradientBoost+t05,0.017804085422469824,0.035052615289384095,0.08679820489012689,0.17304085422469823,0.3455261528938409,0.8629820489012691,3.687973213195801
digits_8,9.327586206896552,Pool-uniform+Elkan,0.026143608789848345,0.05952027236149798,0.14076137418755802,0.2248142989786444,0.3772918601052306,0.6321463943051686,25.493537282943727
digits_8,9.327586206896552,Pool-uniform+t05,0.026143608789848345,0.03894150417827298,0.07733519034354688,0.14132466728567006,0.2693036211699164,0.6532404828226556,25.493537282943727
digits_8,9.327586206896552,RandomBalance+Elkan,0.026143608789848345,0.047277932528628906,0.12297895388424636,0.23206437635406996,0.375099040544723,0.6020798514391829,178.00650815963746
digits_8,9.327586206896552,RandomBalance+t05,0.026143608789848345,0.039498607242339834,0.07956360259981429,0.14633859486227174,0.27988857938718664,0.6805385329619312,178.00650815963746
digits_8,9.327586206896552,RandomForest+Elkan,0.025043330238316307,0.0278164654905602,0.03725626740947076,0.06176261219436707,0.14021665119158155,0.36667904673475704,2.9361444473266602
digits_8,9.327586206896552,RandomForest+t05,0.025043330238316307,0.04953110492107706,0.12299442896935933,0.2454333023831631,0.4903110492107706,1.2249442896935934,2.9361444473266602
digits_8,9.327586206896552,SPE+Elkan,0.01724233983286908,0.04227793252862891,0.1685948622717425,0.38672082946456204,0.6499380996595481,0.8864716805942432,15.590847539901734
digits_8,9.327586206896552,SPE+t05,0.01724233983286908,0.02614515629835964,0.052853605694831315,0.09736768802228413,0.18639585267718972,0.4534803466419065,15.590847539901734
digits_9,8.983333333333333,GradientBoost+Elkan,0.018356545961002786,0.030030950170225938,0.05005725781491799,0.07065150108325596,0.11067780872794801,0.2391736304549675,4.025049495697021
digits_9,8.983333333333333,GradientBoost+t05,0.018356545961002786,0.035041782729805016,0.0850974930362117,0.16852367688022282,0.3353760445682451,0.8359331476323121,4.025049495697021
digits_9,8.983333333333333,Pool-uniform+Elkan,0.02114051377282575,0.03839213865676261,0.08848189415041782,0.1569467657072114,0.24487929433611882,0.4368724852986691,32.290848875045775
digits_9,8.983333333333333,Pool-uniform+t05,0.02114051377282575,0.03226090993500465,0.06562209842154132,0.12122407923243579,0.2324280408542247,0.5660399257195914,32.290848875045775
digits_9,8.983333333333333,RandomBalance+Elkan,0.025594243268337973,0.03895697926338595,0.10575673166202412,0.17033271432992883,0.2627313525224389,0.4352491488703188,167.27134613990785
digits_9,8.983333333333333,RandomBalance+t05,0.025594243268337973,0.03615598885793872,0.06784122562674094,0.12064995357474466,0.2262674094707521,0.5431197771587744,167.27134613990785
digits_9,8.983333333333333,RandomForest+Elkan,0.02670380687093779,0.020577220674713712,0.03282575054162798,0.08069018879603837,0.1602383163107397,0.28436706901887965,4.035385370254517
digits_9,8.983333333333333,RandomForest+t05,0.02670380687093779,0.05340761374187558,0.13351903435468895,0.2670380687093779,0.5340761374187558,1.3351903435468895,4.035385370254517
digits_9,8.983333333333333,SPE+Elkan,0.012236149798823894,0.030603528319405753,0.09405292479108635,0.2142556484060662,0.4218399876199319,0.714531104921077,18.43235902786255
digits_9,8.983333333333333,SPE+t05,0.012236149798823894,0.019463014546580008,0.041143608789848345,0.07727793252862891,0.14954658000619003,0.3663525224388734,18.43235902786255
ecoli4,15.8,GradientBoost+Elkan,0.047585601404741,0.07133450395083406,0.11273046532045654,0.17177348551360844,0.32568042142230025,0.6283143107989464,0.6902828693389893
ecoli4,15.8,GradientBoost+t05,0.047585601404741,0.07133450395083406,0.14258121158911324,0.26132572431957857,0.49881474978050927,1.2112818261633012,0.6902828693389893
ecoli4,15.8,Pool-uniform+Elkan,0.03555750658472344,0.06527655838454785,0.15465320456540826,0.22857769973661105,0.22287093942054437,0.2884108867427568,4.152177381515503
ecoli4,15.8,Pool-uniform+t05,0.03555750658472344,0.05035118525021949,0.09473222124670763,0.1687006145741879,0.31663740122914835,0.7604477611940299,4.152177381515503
ecoli4,15.8,RandomBalance+Elkan,0.029631255487269536,0.0533801580333626,0.12168568920105356,0.23507462686567165,0.5445566286215978,0.7581650570676032,11.842914915084839
ecoli4,15.8,RandomBalance+t05,0.029631255487269536,0.041483757682177345,0.07704126426690079,0.13630377524143986,0.254828797190518,0.6104038630377524,11.842914915084839
ecoli4,15.8,RandomForest+Elkan,0.026733977172958733,0.038542581211589114,0.06826163301141353,0.0654521510096576,0.14587357330992096,0.30079016681299386,2.0030027866363525
ecoli4,15.8,RandomForest+t05,0.026733977172958733,0.04754170324846356,0.10996488147497804,0.2140035118525022,0.42208077260755045,1.0463125548726953,2.0030027866363525
ecoli4,15.8,SPE+Elkan,0.035601404741000875,0.059438103599648816,0.16369622475856013,0.33028972783143107,0.517603160667252,0.6250219490781388,7.733714866638183
ecoli4,15.8,SPE+t05,0.035601404741000875,0.044512730465320456,0.0712467076382792,0.11580333625987708,0.20491659350307287,0.47225636523266024,7.733714866638183
german_credit,2.3333333333333335,GradientBoost+Elkan,0.246,0.374,0.553,0.718,0.8019999999999999,0.692,1.4097226142883301
german_credit,2.3333333333333335,GradientBoost+t05,0.246,0.40700000000000003,0.89,1.6949999999999998,3.3049999999999997,8.135,1.4097226142883301
german_credit,2.3333333333333335,Pool-uniform+Elkan,0.261,0.40800000000000003,0.612,0.666,0.699,0.7,9.652125215530395
german_credit,2.3333333333333335,Pool-uniform+t05,0.261,0.373,0.709,1.269,2.3890000000000002,5.749,9.652125215530395
german_credit,2.3333333333333335,RandomBalance+Elkan,0.261,0.42000000000000004,0.612,0.688,0.695,0.7,41.929882526397705
german_credit,2.3333333333333335,RandomBalance+t05,0.261,0.372,0.705,1.26,2.37,5.7,41.929882526397705
german_credit,2.3333333333333335,RandomForest+Elkan,0.248,0.367,0.545,0.673,0.712,0.742,1.4895314216613769
german_credit,2.3333333333333335,RandomForest+t05,0.248,0.445,1.036,2.021,3.9909999999999997,9.901,1.4895314216613769
german_credit,2.3333333333333335,SPE+Elkan,0.30700000000000005,0.46299999999999997,0.633,0.6950000000000001,0.7,0.7,10.616839981079101
german_credit,2.3333333333333335,SPE+t05,0.30700000000000005,0.387,0.627,1.027,1.827,4.226999999999999,10.616839981079101
heart_disease,1.1956521739130435,GradientBoost+Elkan,0.19464480874316942,0.2671584699453552,0.42896174863387976,0.593551912568306,0.9126775956284152,1.0515300546448088,0.8980441570281983
heart_disease,1.1956521739130435,GradientBoost+t05,0.19464480874316942,0.3101639344262295,0.6567213114754098,1.2343169398907103,2.3895081967213114,5.855081967213115,0.8980441570281983
heart_disease,1.1956521739130435,Pool-uniform+Elkan,0.18153005464480876,0.24754098360655735,0.4026229508196721,0.5045355191256831,0.6171584699453552,0.5445901639344263,6.406382369995117
heart_disease,1.1956521739130435,Pool-uniform+t05,0.18153005464480876,0.29382513661202186,0.6307103825136612,1.1921857923497268,2.315136612021858,5.683989071038252,6.406382369995117
heart_disease,1.1956521739130435,RandomBalance+Elkan,0.1980327868852459,0.23092896174863392,0.39912568306010926,0.4914207650273224,0.5416939890710383,0.5379781420765027,7.994511127471924
heart_disease,1.1956521739130435,RandomBalance+t05,0.1980327868852459,0.3301092896174863,0.7263387978142076,1.38672131147541,2.7074863387978145,6.669781420765027,7.994511127471924
heart_disease,1.1956521739130435,RandomForest+Elkan,0.18480874316939894,0.25726775956284154,0.4058469945355191,0.49830601092896176,0.5112021857923497,0.5083060109289617,1.3676064491271973
heart_disease,1.1956521739130435,RandomForest+t05,0.18480874316939894,0.2971584699453552,0.634207650273224,1.1959562841530054,2.3194535519125683,5.6899453551912575,1.3676064491271973
heart_disease,1.1956521739130435,SPE+Elkan,0.18153005464480873,0.24092896174863387,0.41885245901639345,0.46852459016393444,0.5615300546448088,0.541311475409836,7.626022291183472
heart_disease,1.1956521739130435,SPE+t05,0.18153005464480873,0.2905464480874317,0.6175956284153006,1.1626775956284152,2.2528415300546447,5.523333333333333,7.626022291183472
horse_colic,1.7444444444444445,GradientBoost+Elkan,0.1539591836734694,0.2550204081632653,0.37281632653061225,0.5259591836734694,0.6325714285714286,0.6208979591836734,0.45702381134033204
horse_colic,1.7444444444444445,GradientBoost+t05,0.1539591836734694,0.25142857142857145,0.5438367346938776,1.0311836734693878,2.0058775510204083,4.9299591836734695,0.45702381134033204
horse_colic,1.7444444444444445,Pool-uniform+Elkan,0.16620408163265304,0.23934693877551022,0.36081632653061224,0.44587755102040816,0.4533877551020408,0.6193469387755102,5.529104280471802
horse_colic,1.7444444444444445,Pool-uniform+t05,0.16620408163265304,0.25951020408163267,0.5394285714285714,1.0059591836734696,1.9390204081632654,4.738204081632653,5.529104280471802
horse_colic,1.7444444444444445,RandomBalance+Elkan,0.17020408163265305,0.29616326530612247,0.3684081632653061,0.37248979591836734,0.4129795918367347,0.6033469387755102,14.56206784248352
horse_colic,1.7444444444444445,RandomBalance+t05,0.17020408163265305,0.25110204081632653,0.49379591836734693,0.8982857142857142,1.707265306122449,4.134204081632653,14.56206784248352
horse_colic,1.7444444444444445,RandomForest+Elkan,0.18644897959183676,0.21885714285714286,0.3525714285714286,0.4086530612244898,0.5141224489795919,0.5830204081632653,1.5093840122222901
horse_colic,1.7444444444444445,RandomForest+t05,0.18644897959183676,0.3324081632653061,0.7702857142857142,1.5000816326530613,2.959673469387755,7.338448979591837,1.5093840122222901
horse_colic,1.7444444444444445,SPE+Elkan,0.17412244897959184,0.21885714285714286,0.3646530612244898,0.39257142857142857,0.5344489795918367,0.635591836734694,6.81509313583374
horse_colic,1.7444444444444445,SPE+t05,0.17412244897959184,0.25526530612244897,0.4986938775510204,0.904408163265306,1.7158367346938774,4.150122448979592,6.81509313583374
ionosphere,1.7857142857142858,GradientBoost+Elkan,0.07412474849094568,0.11979879275653924,0.23380281690140844,0.4022937625754527,0.7103822937625754,1.5490945674044265,2.5312862396240234
ionosphere,1.7857142857142858,GradientBoost+t05,0.07412474849094568,0.1282897384305835,0.290784708249497,0.5616096579476861,1.1032595573440642,2.728209255533199,2.5312862396240234
ionosphere,1.7857142857142858,Pool-uniform+Elkan,0.06559356136820925,0.11130784708249497,0.2109456740442656,0.35670020120724344,0.5593158953722334,0.4642655935613682,13.209823036193848
ionosphere,1.7857142857142858,Pool-uniform+t05,0.06559356136820925,0.11122736418511066,0.24812877263581487,0.47629778672032186,0.9326358148893361,2.301649899396378,13.209823036193848
ionosphere,1.7857142857142858,RandomBalance+Elkan,0.06845070422535211,0.12841046277665996,0.28780684104627763,0.4298591549295775,0.49818913480885313,0.641046277665996,32.507653856277464
ionosphere,1.7857142857142858,RandomBalance+t05,0.06845070422535211,0.10837022132796781,0.22812877263581485,0.4277263581488933,0.8269215291750502,2.0245070422535214,32.507653856277464
ionosphere,1.7857142857142858,RandomForest+Elkan,0.0655533199195171,0.10269617706237426,0.18832997987927563,0.2422937625754527,0.34474849094567406,0.5645070422535211,3.1750729084014893
ionosphere,1.7857142857142858,RandomForest+t05,0.0655533199195171,0.11400402414486921,0.2593561368209255,0.5016096579476861,0.9861167002012072,2.4396378269617705,3.1750729084014893
ionosphere,1.7857142857142858,SPE+Elkan,0.0655533199195171,0.11412474849094567,0.2395171026156942,0.37380281690140843,0.5474044265593562,0.6153319919517103,17.39128794670105
ionosphere,1.7857142857142858,SPE+t05,0.0655533199195171,0.11400402414486921,0.2593561368209255,0.5016096579476861,0.9861167002012072,2.4396378269617705,17.39128794670105
iris_setosa,2.0,GradientBoost+Elkan,0.0,0.0,0.0,0.0,0.0,0.0,0.21876401901245118
iris_setosa,2.0,GradientBoost+t05,0.0,0.0,0.0,0.0,0.0,0.0,0.21876401901245118
iris_setosa,2.0,Pool-uniform+Elkan,0.0,0.0,0.0,0.0,0.0,0.0,2.7481356143951414
iris_setosa,2.0,Pool-uniform+t05,0.0,0.0,0.0,0.0,0.0,0.0,2.7481356143951414
iris_setosa,2.0,RandomBalance+Elkan,0.0,0.0,0.0,0.0,0.0,0.0,3.474799871444702
iris_setosa,2.0,RandomBalance+t05,0.0,0.0,0.0,0.0,0.0,0.0,3.474799871444702
iris_setosa,2.0,RandomForest+Elkan,0.0,0.0,0.0,0.0,0.006666666666666666,0.006666666666666666,1.3658207893371581
iris_setosa,2.0,RandomForest+t05,0.0,0.0,0.0,0.0,0.0,0.0,1.3658207893371581
iris_setosa,2.0,SPE+Elkan,0.0,0.0,0.0,0.0,0.0,0.0,5.074689340591431
iris_setosa,2.0,SPE+t05,0.0,0.0,0.0,0.0,0.0,0.0,5.074689340591431
pima_diabetes,1.8656716417910448,GradientBoost+Elkan,0.23831593243357946,0.3424751718869366,0.47419573890162126,0.5731601731601732,0.5990323402088108,0.6339784398607928,1.531825590133667
pima_diabetes,1.8656716417910448,GradientBoost+t05,0.23831593243357946,0.3710975299210594,0.7694423223834989,1.4333503098208982,2.7611662846956966,6.744614209320092,1.531825590133667
pima_diabetes,1.8656716417910448,Pool-uniform+Elkan,0.24228843052372465,0.35168491639079874,0.46237161531279175,0.5051778287072405,0.605423987776929,0.6510482981071217,10.998393392562866
pima_diabetes,1.8656716417910448,Pool-uniform+t05,0.24228843052372465,0.3412528647822765,0.6381461675579323,1.132968338850692,2.1226126814362107,5.091545709192768,10.998393392562866
pima_diabetes,1.8656716417910448,RandomBalance+Elkan,0.23571004159239456,0.3490960020371785,0.4375859434682964,0.4883456412868178,0.6040998217468806,0.6471521942110178,25.328548383712768
pima_diabetes,1.8656716417910448,RandomBalance+t05,0.23571004159239456,0.38539173245055597,0.8344368050250403,1.5828452593158475,3.079662167897462,7.570112893642306,25.328548383712768
pima_diabetes,1.8656716417910448,RandomForest+Elkan,0.23310415075120958,0.34379933791698497,0.4597911892029539,0.5000594177064765,0.5742551566080978,0.6547831253713607,3.0919888496398924
pima_diabetes,1.8656716417910448,RandomForest+t05,0.23310415075120958,0.376326288090994,0.8059927001103471,1.522103386809269,2.9543247602071134,7.250988880400645,3.0919888496398924
pima_diabetes,1.8656716417910448,SPE+Elkan,0.24875647228588402,0.3673202614379085,0.4883541295306001,0.5624649859943978,0.6211187505305152,0.6510482981071217,16.826545810699464
pima_diabetes,1.8656716417910448,SPE+t05,0.24875647228588402,0.33339275103980986,0.5873015873015873,1.0104829810712164,1.8568457686104742,4.395934131228249,16.826545810699464
sonar,1.1443298969072164,GradientBoost+Elkan,0.18234610917537747,0.28362369337979093,0.4522648083623693,0.659581881533101,0.6017421602787457,0.7649245063879211,4.193700361251831
sonar,1.1443298969072164,GradientBoost+t05,0.18234610917537747,0.27386759581881537,0.5484320557491289,1.0060394889663182,1.9212543554006971,4.666898954703833,4.193700361251831
sonar,1.1443298969072164,Pool-uniform+Elkan,0.1629500580720093,0.2786295005807201,0.2739837398373984,0.3555168408826946,0.38954703832752613,0.4711962833914054,18.477158975601196
sonar,1.1443298969072164,Pool-uniform+t05,0.1629500580720093,0.2590011614401858,0.5471544715447154,1.0274099883855983,1.9879210220673635,4.86945412311266,18.477158975601196
sonar,1.1443298969072164,RandomBalance+Elkan,0.17235772357723578,0.24518002322880372,0.34041811846689896,0.45133565621370497,0.4898954703832753,0.5141695702671313,32.06535263061524
sonar,1.1443298969072164,RandomBalance+t05,0.17235772357723578,0.24459930313588849,0.4613240418118467,0.8225319396051104,1.5449477351916374,3.7121951219512197,32.06535263061524
sonar,1.1443298969072164,RandomForest+Elkan,0.19198606271777002,0.2403019744483159,0.3991869918699187,0.47595818815331015,0.5288037166085947,0.5336817653890825,2.467449998855591
sonar,1.1443298969072164,RandomForest+t05,0.19198606271777002,0.3168408826945412,0.6914053426248549,1.3156794425087108,2.5642276422764225,6.3098722415795585,2.467449998855591
sonar,1.1443298969072164,SPE+Elkan,0.1822299651567944,0.2643437862950058,0.2830429732868757,0.29825783972125436,0.394773519163763,0.4904761904761905,26.197596788406372
sonar,1.1443298969072164,SPE+t05,0.1822299651567944,0.2688734030197445,0.5288037166085947,0.9620209059233449,1.8284552845528457,4.427758420441347,26.197596788406372
spambase,1.5377826806398236,GradientBoost+Elkan,0.055639427843081714,0.0762897134494642,0.11649813529717226,0.16648420903554736,0.26319926356040224,0.43033635462399095,7.7599140167236325
spambase,1.5377826806398236,GradientBoost+t05,0.055639427843081714,0.08932776282868338,0.19039276778548836,0.3588344427134967,0.6957177925695133,1.7063678421375634,7.7599140167236325
spambase,1.5377826806398236,Pool-uniform+Elkan,0.0619421234008403,0.0849822971250531,0.14105768776849362,0.22951612141811834,0.38578270311098517,0.5674852476042109,41.639905738830564
spambase,1.5377826806398236,Pool-uniform+t05,0.0619421234008403,0.09693386205919842,0.20190907803427277,0.37686777132606336,0.7267851579096446,1.776537317660388,41.639905738830564
spambase,1.5377826806398236,RandomBalance+Elkan,0.061507812868809894,0.09541802388707926,0.18300618420431478,0.30623448047962987,0.42707052825378844,0.5637886512769674,154.57751088142396
spambase,1.5377826806398236,RandomBalance+t05,0.061507812868809894,0.09302223481093329,0.1875655006373035,0.3451376103479205,0.6602818297691545,1.6057144880328564,154.57751088142396
spambase,1.5377826806398236,RandomForest+Elkan,0.045207713732710195,0.06455152716801209,0.1288851909550111,0.21451281688146154,0.31666572251333613,0.45683779445781997,5.083514165878296
spambase,1.5377826806398236,RandomForest+t05,0.045207713732710195,0.07281098050323373,0.15562078081480432,0.293637114667422,0.5696697823726573,1.3977677854883634,5.083514165878296
spambase,1.5377826806398236,SPE+Elkan,0.06042085634707076,0.08433035925034225,0.13801538969928714,0.23842397205306137,0.42316196950384743,0.5855249492517585,53.69024848937988
spambase,1.5377826806398236,SPE+t05,0.06042085634707076,0.09649955152716802,0.20473563706745973,0.385129112967946,0.7459160647689185,1.8282769201718359,53.69024848937988
titanic,1.605263157894737,GradientBoost+Elkan,0.40623313037474107,0.6633293578557529,0.6757140166970059,0.616163454899253,0.616163454899253,0.616163454899253,0.5560503482818604
titanic,1.605263157894737,GradientBoost+t05,0.40623313037474107,0.7238152030632101,1.676561421128617,3.2644717845709623,6.440292511455652,15.967754692109725,0.5560503482818604
titanic,1.605263157894737,Pool-uniform+Elkan,0.43994727261314415,0.6240474546481702,0.616163454899253,0.616163454899253,0.616163454899253,0.616163454899253,5.012954473495483
titanic,1.605263157894737,Pool-uniform+t05,0.43994727261314415,0.7092649551189505,1.5172180026363695,2.8638064151654006,5.556983240223464,13.636513715397651,5.012954473495483
titanic,1.605263157894737,RandomBalance+Elkan,0.5096290251710502,0.6262758144498148,0.616163454899253,0.616163454899253,0.616163454899253,0.616163454899253,13.356340456008912
titanic,1.605263157894737,RandomBalance+t05,0.5096290251710502,0.7070868118762161,1.2994601719917143,2.2867491055175444,4.261326972569205,10.185060573724185,13.356340456008912
titanic,1.605263157894737,RandomForest+Elkan,0.46691984181783946,0.6902391563618103,1.0764233255916138,1.4984746720230997,2.149789718159563,3.1146946205511266,3.189859390258789
titanic,1.605263157894737,RandomForest+t05,0.46691984181783946,0.7003515159123721,1.40064653819597,2.5678049086686334,4.90212164961396,11.905071872449941,3.189859390258789
titanic,1.605263157894737,SPE+Elkan,0.5421316929257423,0.6363818969305128,0.621781432427343,0.616163454899253,0.616163454899253,0.616163454899253,6.93817548751831
titanic,1.605263157894737,SPE+t05,0.5421316929257423,0.6835164145376937,1.1076705793735484,1.8145941874333062,3.2284414035528215,7.469983051911368,6.93817548751831
transfusion,3.202247191011236,GradientBoost+Elkan,0.2192572706935123,0.3649753914988814,0.6817539149888143,0.8448859060402685,0.908545861297539,1.0713288590604026,0.5487318515777588
transfusion,3.202247191011236,GradientBoost+t05,0.2192572706935123,0.38637136465324384,0.8877136465324386,1.7232841163310961,3.3944250559284113,8.407847874720357,0.5487318515777588
transfusion,3.202247191011236,Pool-uniform+Elkan,0.23795973154362415,0.44649664429530206,0.6510156599552573,0.7967069351230425,0.7580223713646532,0.7620402684563758,6.0629185199737545
transfusion,3.202247191011236,Pool-uniform+t05,0.23795973154362415,0.3448948545861298,0.6657002237136466,1.2003758389261745,2.2697270693512306,5.477780760626398,6.0629185199737545
transfusion,3.202247191011236,RandomBalance+Elkan,0.32995078299776287,0.5359552572706935,0.7191409395973155,0.7620044742729306,0.7620402684563758,0.7620402684563758,14.7704523563385
transfusion,3.202247191011236,RandomBalance+t05,0.32995078299776287,0.40623713646532444,0.635096196868009,1.0165279642058167,1.7793914988814319,4.067982102908277,14.7704523563385
transfusion,3.202247191011236,RandomForest+Elkan,0.2687695749440716,0.4559015659955257,0.7179507829977629,0.9092527964205817,0.9774944071588367,1.3971901565995526,1.2534874439239503
transfusion,3.202247191011236,RandomForest+t05,0.2687695749440716,0.4238120805369128,0.8889395973154363,1.6641521252796418,3.214577181208054,7.865852348993289,1.2534874439239503
transfusion,3.202247191011236,SPE+Elkan,0.371668903803132,0.5333959731543624,0.7139686800894854,0.7887785234899329,0.7607069351230425,0.7620402684563758,7.607905864715576
transfusion,3.202247191011236,SPE+t05,0.371668903803132,0.4371543624161074,0.6336107382550336,0.9610380313199105,1.6158926174496646,3.5804563758389265,7.607905864715576
wine,2.7083333333333335,GradientBoost+Elkan,0.02222222222222222,0.02777777777777778,0.03888888888888889,0.06666666666666668,0.12222222222222223,0.28888888888888886,1.0205243110656739
wine,2.7083333333333335,GradientBoost+t05,0.02222222222222222,0.03888888888888888,0.08888888888888888,0.17222222222222222,0.3388888888888889,0.8388888888888889,1.0205243110656739
wine,2.7083333333333335,Pool-uniform+Elkan,0.016666666666666666,0.016666666666666666,0.0446031746031746,0.05587301587301587,0.08412698412698413,0.0953968253968254,5.34642276763916
wine,2.7083333333333335,Pool-uniform+t05,0.016666666666666666,0.02222222222222222,0.03888888888888889,0.06666666666666668,0.12222222222222223,0.28888888888888886,5.34642276763916
wine,2.7083333333333335,RandomBalance+Elkan,0.016666666666666666,0.03888888888888888,0.08936507936507937,0.15063492063492062,0.2517460317460317,0.2746031746031746,7.620395994186401
wine,2.7083333333333335,RandomBalance+t05,0.016666666666666666,0.02222222222222222,0.03888888888888889,0.06666666666666668,0.12222222222222223,0.28888888888888886,7.620395994186401
wine,2.7083333333333335,RandomForest+Elkan,0.005555555555555555,0.02222222222222222,0.05047619047619047,0.0673015873015873,0.1126984126984127,0.203015873015873,2.115949201583862
wine,2.7083333333333335,RandomForest+t05,0.005555555555555555,0.005555555555555555,0.005555555555555555,0.005555555555555555,0.005555555555555555,0.005555555555555555,2.115949201583862
wine,2.7083333333333335,SPE+Elkan,0.016666666666666666,0.027936507936507936,0.0557142857142857,0.06174603174603175,0.07285714285714286,0.12317460317460316,6.781240940093994
wine,2.7083333333333335,SPE+t05,0.016666666666666666,0.02222222222222222,0.03888888888888889,0.06666666666666668,0.12222222222222223,0.28888888888888886,6.781240940093994
yeast4,28.098039215686274,GradientBoost+Elkan,0.03368823368823369,0.05929110929110929,0.1307057057057057,0.218984893984894,0.32550732550732553,0.6402447902447903,0.7277900218963623
yeast4,28.098039215686274,GradientBoost+t05,0.03368823368823369,0.05996678496678497,0.13880243880243878,0.2701951951951952,0.532980707980708,1.3213372463372464,0.7277900218963623
yeast4,28.098039215686274,Pool-uniform+Elkan,0.07344844844844844,0.13475293475293476,0.24321366821366822,0.314011739011739,0.36862316862316863,0.4817635817635818,7.837947225570678
yeast4,28.098039215686274,Pool-uniform+t05,0.07344844844844844,0.09029256529256528,0.14082491582491583,0.22504550004550006,0.39348666848666847,0.8988101738101738,7.837947225570678
yeast4,28.098039215686274,RandomBalance+Elkan,0.06738329238329238,0.13205705705705706,0.22572572572572575,0.2937892437892438,0.32749340249340253,0.5418008918008919,30.622583627700806
yeast4,28.098039215686274,RandomBalance+t05,0.06738329238329238,0.08288060788060789,0.12937255437255438,0.20685913185913188,0.36183228683228685,0.8267517517517519,30.622583627700806
yeast4,28.098039215686274,RandomForest+Elkan,0.03301938301938302,0.059302484302484304,0.12332104832104833,0.17721585221585223,0.2641823641823642,0.3787856037856038,2.898734760284424
yeast4,28.098039215686274,RandomForest+t05,0.03301938301938302,0.0646919646919647,0.1597097097097097,0.31807261807261805,0.6347984347984348,1.584975884975885,2.898734760284424
yeast4,28.098039215686274,SPE+Elkan,0.10914778414778414,0.20685230685230685,0.4009418509418509,0.6785899535899536,0.8996018746018747,0.9656338156338157,6.920617866516113
yeast4,28.098039215686274,SPE+t05,0.10914778414778414,0.11858221858221858,0.1468855218855219,0.19405769405769407,0.2884020384020384,0.5714350714350714,6.920617866516113
yeast5,32.72727272727273,GradientBoost+Elkan,0.016844116844116845,0.02560970060970061,0.04988169988169988,0.06743561743561743,0.11332013832013832,0.19496769496769498,1.062930965423584
yeast5,32.72727272727273,GradientBoost+t05,0.016844116844116845,0.026954226954226956,0.05728455728455728,0.10783510783510783,0.20893620893620896,0.5122395122395123,1.062930965423584
yeast5,32.72727272727273,Pool-uniform+Elkan,0.018866593866593867,0.026945126945126945,0.053239603239603236,0.08694376194376194,0.15834698334698333,0.20753708253708253,6.077373266220093
yeast5,32.72727272727273,Pool-uniform+t05,0.018866593866593867,0.022913822913822914,0.03505551005551005,0.05529165529165529,0.09576394576394577,0.21718081718081717,6.077373266220093
yeast5,32.72727272727273,RandomBalance+Elkan,0.021557921557921557,0.029643279643279646,0.04380516880516881,0.06199153699153699,0.09972017472017472,0.12398534898534899,33.23285322189331
yeast5,32.72727272727273,RandomBalance+t05,0.021557921557921557,0.023580398580398582,0.029647829647829648,0.03976021476021476,0.05998498498498499,0.12065929565929565,33.23285322189331
yeast5,32.72727272727273,RandomForest+Elkan,0.016850941850941853,0.02156929656929657,0.033708708708708714,0.045825370825370824,0.07146009646009646,0.11117936117936118,1.217794942855835
yeast5,32.72727272727273,RandomForest+t05,0.016850941850941853,0.02898807898807899,0.0653994903994904,0.12608517608517608,0.24745654745654747,0.6115706615706615,1.217794942855835
yeast5,32.72727272727273,SPE+Elkan,0.017522067522067523,0.02965237965237965,0.06335198835198834,0.1185935935935936,0.21632541632541633,0.4252229502229502,5.7816142559051515
yeast5,32.72727272727273,SPE+t05,0.017522067522067523,0.02291837291837292,0.03910728910728911,0.06608881608881609,0.12005187005187005,0.2819410319410319,5.7816142559051515
yeast6,41.4,GradientBoost+Elkan,0.022906997906997906,0.03907316407316407,0.07613750113750115,0.12533670033670036,0.20689098189098187,0.42664255164255166,1.386808490753174
yeast6,41.4,GradientBoost+t05,0.022906997906997906,0.03773091273091273,0.08220265720265721,0.15632223132223133,0.3045613795613796,0.7492788242788243,1.386808490753174
yeast6,41.4,Pool-uniform+Elkan,0.03167030667030667,0.06940576940576941,0.19877377377377375,0.2964919464919465,0.42116434616434617,0.5714191464191465,8.344999361038209
yeast6,41.4,Pool-uniform+t05,0.03167030667030667,0.039084539084539086,0.06132723632723632,0.0983983983983984,0.17254072254072256,0.39496769496769496,8.344999361038209
yeast6,41.4,RandomBalance+Elkan,0.042446992446992446,0.0720970970970971,0.16375238875238876,0.2681977431977432,0.3928087178087178,0.6253662753662754,33.12500238418579
yeast6,41.4,RandomBalance+t05,0.042446992446992446,0.04918782418782419,0.06941031941031942,0.10311447811447812,0.17052279552279553,0.37274774774774777,33.12500238418579
yeast6,41.4,RandomForest+Elkan,0.01751979251979252,0.029645554645554646,0.05930020930020931,0.1186026936026936,0.20286195286195285,0.4191486941486941,1.479523229598999
yeast6,41.4,RandomForest+t05,0.01751979251979252,0.031672581672581676,0.07413094913094913,0.14489489489489488,0.2864227864227864,0.711006461006461,1.479523229598999
yeast6,41.4,SPE+Elkan,0.05929338429338429,0.14151196651196649,0.38146100646100645,0.615984165984166,0.822827372827373,0.9562107562107561,5.381899118423462
yeast6,41.4,SPE+t05,0.05929338429338429,0.0646851396851397,0.08086040586040585,0.10781918281918283,0.16173673673673675,0.32348939848939845,5.381899118423462
