Dataset,IR,Method,Recall,Precision,F1,BAcc,AUC,cost_r1,cost_r2,cost_r5,cost_r10,cost_r20,cost_r50
australian_credit,1.247557003257329,ASE-Stacking,0.9391503613608321,0.7776472015709206,0.8503871502149035,0.8612361512887551,0.9362499652091625,0.14734299516908214,0.1743961352657005,0.25555555555555554,0.3908212560386473,0.661352657004831,1.4729468599033817
australian_credit,1.247557003257329,ASE-Static,0.8740349021681649,0.8409469990538144,0.8564093771570571,0.8700090209177576,0.9382948170146534,0.13043478260869565,0.18647342995169083,0.3545893719806763,0.6347826086956522,1.1951690821256038,2.876328502415459
australian_credit,1.247557003257329,BalancedBagging,0.8761854398025736,0.7909530329322608,0.8301646365960559,0.844073581145306,0.9029198895633391,0.15942028985507245,0.2144927536231884,0.3797101449275362,0.6550724637681159,1.2057971014492752,2.8579710144927537
australian_credit,1.247557003257329,DSS,0.8880839062224573,0.8272431839889267,0.8555295723862578,0.8687799344281574,0.9396819352356662,0.13333333333333333,0.18309178743961355,0.3323671497584541,0.5811594202898551,1.078743961352657,2.571497584541063
australian_credit,1.247557003257329,EasyEnsemble,0.8784593689405958,0.832008375645258,0.8540567351918894,0.8678580736250029,0.9329094815303728,0.13333333333333333,0.18743961352657004,0.3497584541062802,0.6202898550724638,1.161352657004831,2.7845410628019325
australian_credit,1.247557003257329,GB+Threshold,0.8664375110170985,0.8417509735037361,0.8531557211768617,0.8670818222663529,0.9344318442372939,0.13285024154589373,0.19227053140096617,0.3705314009661836,0.6676328502415458,1.2618357487922707,3.0444444444444443
australian_credit,1.247557003257329,GradientBoost,0.864304600740349,0.8421030859938197,0.8520604651949629,0.8660039750113228,0.9332451543743259,0.13381642512077294,0.19420289855072465,0.3753623188405797,0.6772946859903382,1.2811594202898553,3.092753623188406
australian_credit,1.247557003257329,RF+Threshold,0.8589106292966684,0.847961530701235,0.8524205797263502,0.8667815848693413,0.9368692104883621,0.1323671497584541,0.19516908212560388,0.38357487922705313,0.697584541062802,1.3256038647342996,3.209661835748792
australian_credit,1.247557003257329,RUSBoost,0.9184382161114049,0.7912699573832654,0.8481961545098151,0.8604152803045063,0.9176998536314827,0.14589371980676327,0.1821256038647343,0.29082125603864734,0.47198067632850244,0.8342995169082125,1.921256038647343
australian_credit,1.247557003257329,RandomBalance,0.8803807509254362,0.8387391467784532,0.8560678343347978,0.8692231847586853,0.9403784538265042,0.1318840579710145,0.18502415458937196,0.34444444444444444,0.610144927536232,1.1415458937198069,2.7357487922705315
australian_credit,1.247557003257329,RandomForest,0.853534285210647,0.8446575783256737,0.848112548055564,0.8632447001355126,0.9343751155929341,0.1357487922705314,0.20096618357487922,0.39661835748792273,0.7227053140096619,1.37487922705314,3.331400966183575
australian_credit,1.247557003257329,SMOTEBoost,0.8664727657324166,0.830081072060938,0.8462185598501435,0.8610160593300954,0.9245272482441622,0.1396135265700483,0.19903381642512077,0.37729468599033816,0.6743961352657005,1.268599033816425,3.051207729468599
australian_credit,1.247557003257329,SPE,0.8708090957165521,0.8397169098683908,0.853900571183137,0.8675360128844779,0.9366334144577346,0.13285024154589373,0.19033816425120775,0.36280193236714975,0.6502415458937197,1.2251207729468598,2.9497584541062802
banknote,1.2491803278688525,ASE-Stacking,0.9950819672131147,0.987627166266219,0.9912961705808137,0.9925085905323686,0.9996595508110252,0.0077752709577527095,0.00996151293961513,0.01652023888520239,0.027451448794514492,0.04931386861313869,0.11490112806901129
banknote,1.2491803278688525,ASE-Static,0.9939890710382514,0.9924612165318915,0.9931808947012996,0.9939300933679963,0.9995879082147671,0.00607564698075647,0.008748506967485071,0.01676708692767087,0.03013138686131387,0.05685998672859987,0.13704578633045786
banknote,1.2491803278688525,BalancedBagging,0.9846994535519126,0.9789311192596305,0.9817337149049762,0.9838128617375432,0.994208087318908,0.016282238442822384,0.023085158150851583,0.04349391727493917,0.07750851581508517,0.14553771289537712,0.34962530413625303
banknote,1.2491803278688525,DSS,0.9912568306010929,0.9859785817721752,0.9885594149374947,0.989936694167649,0.9991717514347317,0.01020836098208361,0.014096881220968811,0.025762441937624423,0.04520504313205043,0.08409024552090247,0.2007458526874585
banknote,1.2491803278688525,EasyEnsemble,0.9978142076502733,0.9945970032923469,0.9961881278060615,0.9967227213001968,0.9995553177651081,0.0033974784339747843,0.004367175403671754,0.007276266312762664,0.012124751161247511,0.02182172085821721,0.05091262994912629
banknote,1.2491803278688525,GB+Threshold,0.9961748633879781,0.9940672731738123,0.9950973182774056,0.995679450957835,0.9997924502942774,0.00437248396372484,0.006071223180712232,0.011167440831674407,0.01966113691661137,0.03664852908648529,0.08761070559610706
banknote,1.2491803278688525,GradientBoost,0.9956284153005465,0.9935379345646358,0.9945438926148397,0.9951883619903719,0.9998099086245561,0.004859986728599867,0.006803804468038045,0.012635257686352576,0.02235434638354346,0.041792523777925236,0.10010705596107057
banknote,1.2491803278688525,RF+Threshold,0.9956284153005465,0.9897836154541045,0.992652524542645,0.9936575742366738,0.9998708013068136,0.00656226498562265,0.008507852245078523,0.014344614023446141,0.024072550320725507,0.043528422915284234,0.10189604069896041
banknote,1.2491803278688525,RUSBoost,0.9262295081967213,0.9230085430361453,0.9239830988722898,0.9318454042531594,0.9751698486412109,0.06755054191550541,0.10036363636363636,0.19880291970802919,0.3628683919486839,0.6909993364299933,1.6753921698739218
banknote,1.2491803278688525,RandomBalance,0.9918032786885245,0.9814352994554284,0.9864596115762426,0.9882376673227051,0.9993255398219109,0.012153063481530635,0.0157973899579739,0.026730369387303696,0.044952001769520016,0.08139526653395265,0.19072506082725063
banknote,1.2491803278688525,RandomForest,0.9956284153005464,0.989245909389577,0.9923826371447304,0.9934382759910598,0.9998798594310699,0.00680557398805574,0.008751161247511612,0.01458792302587923,0.024315859323158596,0.04377173191771733,0.1021393497013935
banknote,1.2491803278688525,SMOTEBoost,1.0,0.9940726986624705,0.997015624919531,0.9975934525857126,0.999791627896485,0.0026728599867286,0.0026728599867286,0.0026728599867286,0.0026728599867286,0.0026728599867286,0.0026728599867286
banknote,1.2491803278688525,SPE,0.9918032786885246,0.9870496177305518,0.9893713256703693,0.9906485147025929,0.9992754910419733,0.009479318734793187,0.013125414731254148,0.02406370272063703,0.04229418270294183,0.07875514266755143,0.18813802256138024
breast_cancer,1.6839622641509433,ASE-Stacking,0.9639350313768918,0.9147803023678495,0.9376239851041116,0.9544244796947058,0.9913538870316356,0.048046369611343995,0.061512187548517304,0.10190964136003726,0.16923873104590384,0.303896910417637,0.7078714485328365
breast_cancer,1.6839622641509433,ASE-Static,0.9356589147286821,0.9492932261539314,0.9413851815310401,0.9524277880894323,0.9921031717147559,0.04333695595921958,0.06733944004554158,0.13934689230450756,0.25935931273611756,0.4993841535993376,1.2194586761889974
breast_cancer,1.6839622641509433,BalancedBagging,0.9575858250276854,0.8948098794609669,0.9244508933022524,0.9447618744335088,0.980917709096959,0.05857786058065517,0.0743983853438907,0.12185995963359726,0.20096258344977488,0.35916783108213013,0.8337835739791958
breast_cancer,1.6839622641509433,DSS,0.941971207087486,0.9352469567595082,0.9373179479995013,0.950921701613644,0.9907810847282952,0.04686642860839414,0.06852455622832894,0.13349893908813332,0.24178957718780728,0.4583708533871552,1.108114681985199
breast_cancer,1.6839622641509433,EasyEnsemble,0.9545588778146918,0.9503832745495918,0.9515579474789839,0.9618908108426615,0.9943724722726252,0.036298711380220464,0.05327330124721834,0.10419707084821198,0.18907002018320138,0.35881591885318015,0.8680536148631165
breast_cancer,1.6839622641509433,GB+Threshold,0.9279069767441861,0.9628668341666197,0.9435469437610621,0.9527576093945239,0.9925877328282067,0.04098224913315738,0.06789835946799151,0.14864669047249393,0.2832272421466646,0.5523883454950059,1.35987165554003
breast_cancer,1.6839622641509433,GradientBoost,0.9246954595791804,0.9623904671956411,0.9418632750490493,0.951145330206909,0.9925125689537744,0.042162190136107225,0.07025306629405371,0.15452569476789316,0.2949800755576256,0.5758888371370905,1.4186151218754852
breast_cancer,1.6839622641509433,RF+Threshold,0.940420819490587,0.9573642493335301,0.9476088964541582,0.9571561583107603,0.9906530050241155,0.038653418206282666,0.06090151632769238,0.12764581069192155,0.23888630129897012,0.4613672825130673,1.128810226155359
breast_cancer,1.6839622641509433,RUSBoost,0.926172019195275,0.8875869981150406,0.9055781973369541,0.9276073971824054,0.9797833584914598,0.07206955441701599,0.09960151115251255,0.1821973813590022,0.319857165036485,0.5951767323914506,1.4211354344563474
breast_cancer,1.6839622641509433,RandomBalance,0.9246954595791804,0.9399017228493846,0.9307639780602437,0.9441617621317916,0.9904993700358915,0.050959995859856125,0.07906122237747762,0.16336490193034206,0.3038710345184495,0.5848832996946645,1.427920095223309
breast_cancer,1.6839622641509433,RandomForest,0.9403469915097822,0.9630378528371141,0.9504654341844776,0.958984137382434,0.9913155035582429,0.03630906173989546,0.05856233504114268,0.12532215494488433,0.23658852145112041,0.45912125446359264,1.1267194535010092
breast_cancer,1.6839622641509433,SMOTEBoost,0.9513842746400886,0.9645904347747796,0.9572979819734386,0.9649787831207746,0.9945673249950463,0.03161517362728355,0.04976452931739377,0.10421259638772447,0.1949593748382756,0.37645293173937794,0.920933602442685
breast_cancer,1.6839622641509433,SPE,0.9419342930970838,0.9416349912898533,0.9411620928482118,0.9532245800383697,0.9910884846835823,0.043942452000207,0.0656057547999793,0.13059566319929616,0.23891217719815763,0.45554520519588054,1.1054442891890492
digits_0,9.095505617977528,ASE-Stacking,0.9811640211640211,0.96128430287873,0.9707047925879725,0.9883176805485028,0.999591111948353,0.005938305994016301,0.007793768699061178,0.013360156814195811,0.0226374703394202,0.041192097389868974,0.0968559785412153
digits_0,9.095505617977528,ASE-Static,0.982962962962963,0.9725991541781015,0.9775302243310234,0.9899379530889678,0.9996427332755353,0.004454245331682658,0.006125038687712783,0.011137418755803158,0.019491385535953778,0.03619931909625503,0.08632311977715877
digits_0,9.095505617977528,BalancedBagging,0.9924338624338624,0.8516108641934186,0.9160118191288955,0.9865407345524305,0.9971443683241834,0.01818219333539668,0.01892499742081915,0.02115340967708656,0.024867430104198906,0.032295470958423604,0.054579593521097695
digits_0,9.095505617977528,DSS,0.982962962962963,0.9544320599583757,0.9679303512571007,0.9888062658461696,0.9995374030776125,0.006494893221912721,0.008165686577942845,0.013178066646033219,0.02153203342618384,0.038239966986485095,0.08836376766738883
digits_0,9.095505617977528,EasyEnsemble,0.9943386243386243,0.9232703970316294,0.9566013656641112,0.9924345722694536,0.9994964141168705,0.009093160012380067,0.009650263076446921,0.011321572268647478,0.01410708758898174,0.019678118229650262,0.036391210151655834
digits_0,9.095505617977528,GB+Threshold,0.9754497354497355,0.9853801169590642,0.9800188542380827,0.986901822457378,0.9997540308448843,0.003897142267615805,0.006309708036727536,0.013547405344062726,0.025610234189621377,0.049735891880738674,0.12211286495409059
digits_0,9.095505617977528,GradientBoost,0.9736507936507937,0.9820660510134194,0.977358092601992,0.9857965902410347,0.9997654974198185,0.004454245331682658,0.007051996285979573,0.014845249148870318,0.027834003920354896,0.053811513463324044,0.1317440420922315
digits_0,9.095505617977528,RF+Threshold,0.9755555555555555,0.9980392156862745,0.9865546561551749,0.9876748971193415,0.9997544873844418,0.002599298462808212,0.005012895904260807,0.01225368822861859,0.02432167543588156,0.04845764985040751,0.12086557309398535
digits_0,9.095505617977528,RUSBoost,0.9848677248677248,0.8891854009633213,0.9340199514999512,0.9855383101908729,0.9974514874898049,0.01391674404209223,0.015401836376766738,0.019857113380790263,0.0272825750541628,0.04213349840090787,0.08668626844114309
digits_0,9.095505617977528,RandomBalance,0.9755026455026455,0.9661805667068825,0.9702627064259551,0.9857959532090939,0.9995564563996128,0.005938821830186733,0.008351903435468896,0.015591148251315383,0.02765655627772619,0.05178737233054782,0.12417982048901269
digits_0,9.095505617977528,RandomForest,0.9661375661375662,1.0,0.9824854461445363,0.9830687830687831,0.9998861072838636,0.00334158671206025,0.0066831734241205,0.016707933560301248,0.033415867120602495,0.06683173424120499,0.1670793356030125
digits_0,9.095505617977528,SMOTEBoost,0.9773015873015873,0.9867101234361296,0.981706168008254,0.9879306290417401,0.9977473898374598,0.003526256061075003,0.005754152481171979,0.012437841741462912,0.023577323841947797,0.04585628804291757,0.11269318064582688
digits_0,9.095505617977528,SPE,0.983068783068783,0.9746498112442386,0.9785268340327941,0.9900940623162845,0.9998537910579726,0.004269575982667905,0.00594036933869803,0.010952749406788403,0.01930671618693903,0.03601464974724027,0.08613845042814403
digits_1,8.873626373626374,ASE-Stacking,0.9653653653653653,0.9160210063141669,0.9390377466613948,0.9775227239623524,0.9977251245053103,0.012797895388424636,0.016320540596306613,0.026888476219952544,0.04450170225936243,0.0797281543381822,0.18540751057464147
digits_1,8.873626373626374,ASE-Static,0.969019019019019,0.9194973988149496,0.942626088533803,0.9795559491379925,0.9980041961466111,0.012056638811513464,0.015208397812854636,0.02466367481687816,0.04042246982358403,0.07194005983699577,0.166492829877231
digits_1,8.873626373626374,BalancedBagging,0.9724724724724724,0.6756713162904885,0.7965513011776088,0.9596108492393323,0.9904402854867251,0.0506489219024038,0.053431858041885896,0.0617806664603322,0.07569534715774269,0.1035247085525637,0.18701279273702673
digits_1,8.873626373626374,DSS,0.9744244244244243,0.8748451279679449,0.9211318196572387,0.9791626766084971,0.9973581941074201,0.017064376354069946,0.019660579799855568,0.02744919013721242,0.040430207366140516,0.0663922418239967,0.14427834519756524
digits_1,8.873626373626374,EasyEnsemble,0.97992992992993,0.7202085709873978,0.8289884513791658,0.9680867399907648,0.9955880028635448,0.04136954503249768,0.04340916125038687,0.049528009904054475,0.059726090993500465,0.08012225317239245,0.1413107397090684
digits_1,8.873626373626374,GB+Threshold,0.936086086086086,0.964745732423751,0.9496360045793394,0.9660822587293175,0.9983320782082392,0.010015990921283401,0.01650624161766223,0.03597699370679872,0.06842824718869286,0.13333075415248116,0.32803827504384603
digits_1,8.873626373626374,GradientBoost,0.937987987987988,0.9704334630960019,0.9533137200094788,0.9673428072034883,0.9986365622588533,0.00927318683586093,0.015577220674713711,0.03448932219127206,0.06600949138553595,0.12904982977406376,0.3181708449396472
digits_1,8.873626373626374,RF+Threshold,0.9616616616616617,0.9889272465743054,0.9747953543245844,0.9802116357843912,0.9995226650799406,0.005007221706386052,0.008901268956979264,0.0205834107087589,0.040053646961724955,0.07899411946765707,0.19581553698545343
digits_1,8.873626373626374,RUSBoost,0.977977977977978,0.5675538757931778,0.7167172063640971,0.9461613316102481,0.9912911363375759,0.07921541318477252,0.08144176209635819,0.08812080883111523,0.09925255338904364,0.12151604250490045,0.18830650985247085
digits_1,8.873626373626374,RandomBalance,0.9707707707707708,0.8886172972444228,0.9259935207933604,0.9780582440025165,0.9970800521884112,0.01614102960899618,0.019108119261322602,0.028009388218301866,0.04284483647993397,0.07251573300319819,0.16152842257299083
digits_1,8.873626373626374,RandomForest,0.8994494494494494,0.9764792227292227,0.935572410269899,0.9484863346318454,0.999113819702055,0.012425977509542968,0.02262612194367069,0.05322655524605386,0.10422727741669245,0.20622872175796966,0.5122330547818013
digits_1,8.873626373626374,SMOTEBoost,0.97997997997998,0.9666635056108741,0.9729343368741401,0.9880292056762645,0.9992444456840741,0.005562261425771175,0.007601361807489941,0.01371866295264624,0.02391416486124007,0.04430516867842773,0.10547818012999072
digits_1,8.873626373626374,SPE,0.978078078078078,0.9316278713647136,0.9537718529158589,0.9849110720627748,0.9987320137474937,0.00964562055091303,0.011870937790157847,0.018546889507892295,0.02967347570411637,0.05192664809656453,0.11868616527390902
digits_8,9.327586206896552,ASE-Stacking,0.9310364145658263,0.8405637106074582,0.8818898975544273,0.9556622402047239,0.993800446370381,0.024475394614670378,0.03115134633240483,0.05117920148560817,0.0845589600742804,0.15131847725162487,0.3515970287836583
digits_8,9.327586206896552,ASE-Static,0.8869467787114845,0.8998142305068302,0.8919139623524455,0.9379304960350712,0.9932047775995488,0.020954812751470136,0.03189879294336119,0.06473073351903436,0.11945063447848962,0.2288904363974002,0.5572098421541318
digits_8,9.327586206896552,BalancedBagging,0.9197198879551821,0.6253476953793329,0.7433142097932959,0.9299818179883539,0.9806337698612209,0.06176003301351491,0.06955122253172392,0.09292479108635097,0.13188073867739605,0.20979263385948624,0.4435283194057567
digits_8,9.327586206896552,DSS,0.8832492997198879,0.8117592894520679,0.8453940453153096,0.9305347479922642,0.9889250539342043,0.03134530073248736,0.04266068296708966,0.07660682967089653,0.13318374084390797,0.24633756318993089,0.5857990302279996
digits_8,9.327586206896552,EasyEnsemble,0.9407282913165266,0.5335106754966374,0.6800260537837709,0.9256943134328756,0.9830976859499735,0.08643505622614259,0.09218456618178067,0.10943309604869493,0.13818064582688538,0.19567574538326626,0.3681610440524089
digits_8,9.327586206896552,GB+Threshold,0.8315966386554622,0.9850190046149881,0.900191668270761,0.9150800540539102,0.9953282290694055,0.01762405859898896,0.033949757556999895,0.0829268544310327,0.16455534922108736,0.32781233880119676,0.8175833075415249
digits_8,9.327586206896552,GradientBoost,0.8315406162464986,0.9806664571987153,0.8985311274438973,0.9148465980884282,0.9946384618044749,0.017993913133188898,0.0343190962550294,0.08329464562055092,0.16492056122975343,0.3281723924481585,0.8179278861033735
digits_8,9.327586206896552,RF+Threshold,0.6955742296918768,1.0,0.8181365062709582,0.8477871148459385,0.9956604089689057,0.029497059733828535,0.05899411946765707,0.1474852986691427,0.2949705973382854,0.5899411946765708,1.4748529866914268
digits_8,9.327586206896552,RUSBoost,0.8909803921568628,0.42838428697765213,0.5772913209147377,0.8809071001620021,0.956707655065825,0.12723202310946044,0.1378056329309811,0.16952646239554317,0.2223945115031466,0.32813060971835345,0.645338904363974
digits_8,9.327586206896552,RandomBalance,0.873781512605042,0.8708502337952855,0.8648254397495461,0.9284735356630782,0.991320175249587,0.02745589600742804,0.03969875167646755,0.07642731868358608,0.13764159702878365,0.2600701537191788,0.6273558237903641
digits_8,9.327586206896552,RandomForest,0.7490756302521009,0.9903999118165784,0.8513889151570153,0.8741269256040499,0.9964583505576969,0.025045909419168472,0.04935004642525534,0.12226245744351592,0.24378314247395025,0.4868245125348189,1.2159486227174248
digits_8,9.327586206896552,SMOTEBoost,0.8563025210084034,0.9957661290322581,0.9194719811841705,0.9279461322990735,0.9970593066096334,0.014285051067780873,0.028199731765191374,0.06994377385742288,0.13951717734447538,0.2786639843185804,0.6961044052408955
digits_8,9.327586206896552,SPE,0.9194957983193277,0.9015491634880181,0.9096429967010639,0.9542040561713764,0.9963507428422461,0.017803569586299393,0.025594243268337976,0.04896626431445373,0.08791963272464666,0.1658263695450325,0.39954658000619003
digits_9,8.983333333333333,ASE-Stacking,0.9407407407407408,0.8890554869502237,0.9132668869457155,0.9636700684172304,0.99158788704999,0.0179923656246776,0.023926544929330443,0.041729082843288974,0.07139997936655318,0.1307417724130816,0.3087671515526669
digits_9,8.983333333333333,ASE-Static,0.9314814814814815,0.9033814658678055,0.9155276838900247,0.9598650766349425,0.9923348954772149,0.01743526256061075,0.024296399463530384,0.04487981017228928,0.07918549468688744,0.14779686371608375,0.3536309708036728
digits_9,8.983333333333333,BalancedBagging,0.9203703703703704,0.7200907920612898,0.8066081047305409,0.9399813986673292,0.9833492591318529,0.04433250799546064,0.05230527184566182,0.07622356339626535,0.11608738264727123,0.19581502114928298,0.4349979366553182
digits_9,8.983333333333333,DSS,0.9222222222222223,0.8458695492051131,0.8813592725014483,0.9515244174342902,0.9908354638512686,0.02504075105746415,0.03282884555865057,0.05619312906220984,0.09513360156814195,0.1730145465800062,0.4066573816155989
digits_9,8.983333333333333,EasyEnsemble,0.9592592592592593,0.6387277234089557,0.7656102520752821,0.9489100383493229,0.9894711537780948,0.059364489838027446,0.06344475394614671,0.07568554627050449,0.09608686681110079,0.13688950789229343,0.2592974311358712
digits_9,8.983333333333333,GB+Threshold,0.8703703703703703,0.9739560167501344,0.9175087439416902,0.9338451884977512,0.9935223407101632,0.015394098834210255,0.028376663571649644,0.06732435778396781,0.13223718147116476,0.26206282884555865,0.6515397709687404
digits_9,8.983333333333333,GradientBoost,0.8685185185185186,0.971464300498685,0.9160845768355929,0.9328160633974188,0.9935077774521837,0.01576550087692149,0.028933766635716496,0.06843856391210151,0.13427989270607654,0.2659625502940266,0.6610105230578769
digits_9,8.983333333333333,RF+Threshold,0.7574074074074074,1.0,0.859543284253904,0.8787037037037037,0.9924658940177038,0.024300526152893843,0.048601052305787686,0.1215026307644692,0.2430052615289384,0.4860105230578768,1.215026307644692
digits_9,8.983333333333333,RUSBoost,0.9037037037037037,0.5474062623282893,0.6807300157927347,0.9097943660895157,0.9699086106899623,0.08533219849375838,0.09497575569998969,0.12390642731868359,0.1721242133498401,0.2685597854121531,0.5578665015990921
digits_9,8.983333333333333,RandomBalance,0.9222222222222222,0.8641146183076551,0.8907994493866913,0.9528640956057537,0.9913718447454066,0.02262870112452285,0.03041576395336841,0.05377695243990509,0.09271226658413288,0.17058289487258846,0.40419477973795526
digits_9,8.983333333333333,RandomForest,0.737037037037037,1.0,0.8462503142541195,0.8685185185185186,0.9951626094810172,0.026339626534612606,0.05267925306922521,0.13169813267306302,0.26339626534612604,0.5267925306922521,1.3169813267306303
digits_9,8.983333333333333,SMOTEBoost,0.9,0.9843069348951702,0.9396470131072174,0.9491753621526583,0.995799623726467,0.011500051583617044,0.021516042504900443,0.051564015268750645,0.10164396987516765,0.20180387908800163,0.5022836067265036
digits_9,8.983333333333333,SPE,0.9351851851851851,0.9424748839377323,0.9378484531248473,0.9642937226872556,0.9949061687341892,0.012427009181883834,0.018917259878262663,0.038388011967399154,0.07083926544929331,0.13574177241308158,0.3304492933044465
ecoli4,15.8,ASE-Stacking,0.7666666666666667,0.7222222222222222,0.718994708994709,0.8701719576719577,0.9444733796296296,0.03861574480538484,0.05247292947029558,0.0940444834650278,0.1633304067895815,0.3019022534386889,0.7176177933860112
ecoli4,15.8,ASE-Static,0.7666666666666667,0.7433333333333334,0.7303174603174603,0.8733134920634921,0.9726645171957672,0.032674860989171786,0.04650278021656424,0.08798653789874158,0.15712613403570383,0.2954053263096283,0.7102429031314018
ecoli4,15.8,BalancedBagging,0.9,0.4556974506974507,0.5697393444761866,0.906167328042328,0.978093998015873,0.08836698858647936,0.09429323968393327,0.112071992976295,0.14170324846356452,0.2009657594381036,0.37875329236172084
ecoli4,15.8,DSS,0.75,0.7411111111111112,0.7278835978835978,0.8655175264550264,0.9704943783068782,0.032674860989171786,0.047512437810945274,0.09202516827626574,0.16621305238513315,0.314588820602868,0.7597161252560726
ecoli4,15.8,EasyEnsemble,0.9166666666666666,0.472010582010582,0.6157953157953158,0.9235201719576719,0.9845527447089947,0.0704126426690079,0.07534386889083991,0.09013754755633596,0.11479367866549604,0.16410594088381622,0.3120427275387767
ecoli4,15.8,GB+Threshold,0.6833333333333333,0.7811111111111111,0.7083068783068783,0.8363921957671958,0.9811280588624338,0.028694761486684223,0.04746853965466783,0.10378987415861868,0.1976587649985367,0.3853965466783728,0.9486098917178812
ecoli4,15.8,GradientBoost,0.6833333333333333,0.8311111111111111,0.7265608465608466,0.836400462962963,0.9784866898148148,0.02870939420544337,0.047512437810945274,0.10392156862745099,0.1979367866549605,0.3859672227099795,0.9500585308750367
ecoli4,15.8,RF+Threshold,0.65,0.9777777777777777,0.758095238095238,0.8244708994708995,0.9909556878306879,0.021802750951126718,0.04261047702663155,0.10503365525314604,0.20907228563067018,0.41714954638571844,1.0413813286508633
ecoli4,15.8,RUSBoost,0.8666666666666667,0.5466137566137567,0.6539020239020239,0.9069361772486773,0.9753389550264551,0.057550482879719055,0.0654521510096576,0.08915715539947322,0.12866549604916594,0.20768217734855138,0.44473222124670764
ecoli4,15.8,RandomBalance,0.8333333333333334,0.7339682539682539,0.7721019721019721,0.9061342592592593,0.9713417658730158,0.02970441908106526,0.039596136962247584,0.06927129060579455,0.11872988001170617,0.21764705882352942,0.5143985952589991
ecoli4,15.8,RandomForest,0.65,0.8977777777777778,0.7303703703703703,0.8229001322751323,0.9862661210317459,0.024743927421714954,0.04553702077846064,0.10791630084869767,0.2118817676324261,0.41981270119988295,1.0436055019022534
ecoli4,15.8,SMOTEBoost,0.8,0.8077777777777778,0.7932804232804233,0.8936838624338624,0.9245329034391535,0.023734269827333915,0.03558677202224173,0.07114427860696518,0.13040678958150426,0.2489318115305824,0.6045068773778168
ecoli4,15.8,SPE,0.85,0.7577777777777778,0.7799807599807599,0.9134176587301588,0.9800636574074074,0.030684811237928006,0.039581504243488434,0.06627158326016974,0.11075504828797192,0.19972197834357625,0.46662276851038925
german_credit,2.3333333333333335,ASE-Stacking,0.8722222222222222,0.43033111498188703,0.5756913073224047,0.6877777777777777,0.7814047619047619,0.386,0.42433333333333334,0.5393333333333333,0.731,1.1143333333333334,2.2643333333333335
german_credit,2.3333333333333335,ASE-Static,0.638888888888889,0.548122140626886,0.5882942463117014,0.7058730158730159,0.783968253968254,0.2673333333333333,0.37566666666666665,0.7006666666666667,1.2423333333333335,2.3256666666666663,5.575666666666667
german_credit,2.3333333333333335,BalancedBagging,0.7277777777777777,0.4662883956308085,0.5674383170155067,0.684126984126984,0.7495674603174602,0.3333333333333333,0.415,0.66,1.0683333333333331,1.8850000000000002,4.335
german_credit,2.3333333333333335,DSS,0.6833333333333333,0.5359682858462709,0.5992853230898045,0.7138095238095238,0.7863888888888888,0.274,0.369,0.654,1.129,2.0789999999999997,4.929
german_credit,2.3333333333333335,EasyEnsemble,0.7533333333333334,0.49367194151117355,0.5959218705725882,0.7107142857142857,0.7708968253968254,0.3063333333333333,0.38033333333333336,0.6023333333333334,0.9723333333333333,1.7123333333333335,3.9323333333333332
german_credit,2.3333333333333335,GB+Threshold,0.43888888888888894,0.607890150793219,0.506470381904084,0.6584920634920636,0.7751468253968254,0.25366666666666665,0.422,0.9269999999999999,1.7686666666666668,3.452,8.502
german_credit,2.3333333333333335,GradientBoost,0.4577777777777778,0.6161361814263026,0.5228178176598136,0.6667460317460318,0.7780396825396826,0.24966666666666668,0.41233333333333333,0.9003333333333333,1.7136666666666664,3.340333333333333,8.220333333333334
german_credit,2.3333333333333335,RF+Threshold,0.38666666666666666,0.6794032414806989,0.490450717025085,0.654047619047619,0.7857857142857142,0.239,0.423,0.975,1.895,3.735,9.254999999999999
german_credit,2.3333333333333335,RUSBoost,0.7611111111111111,0.45593782824409984,0.5688833889377779,0.6848412698412699,0.7303095238095239,0.3456666666666666,0.41733333333333333,0.6323333333333333,0.9906666666666666,1.7073333333333334,3.8573333333333335
german_credit,2.3333333333333335,RandomBalance,0.6522222222222223,0.5437985926439572,0.5894225474466122,0.7065873015873017,0.7801190476190476,0.27166666666666667,0.376,0.6890000000000001,1.2106666666666668,2.254,5.384
german_credit,2.3333333333333335,RandomForest,0.35333333333333333,0.6754741857305163,0.46170889098003026,0.6402380952380952,0.7863253968253968,0.245,0.439,1.021,1.9909999999999999,3.9309999999999996,9.751
german_credit,2.3333333333333335,SMOTEBoost,0.5744444444444444,0.5138215529268053,0.5367993701099636,0.6686507936507937,0.7455873015873016,0.2936666666666667,0.42133333333333334,0.8043333333333333,1.4426666666666668,2.719333333333333,6.549333333333333
german_credit,2.3333333333333335,SPE,0.7644444444444445,0.4994853480362794,0.6034464822797706,0.7172222222222222,0.7883333333333333,0.3016666666666667,0.37233333333333335,0.5843333333333334,0.9376666666666666,1.6443333333333332,3.764333333333333
heart_disease,1.1956521739130435,ASE-Stacking,0.9081128747795415,0.6653328394226788,0.7653007025892732,0.7601170434503768,0.8926620704398481,0.25320582877959924,0.2950273224043716,0.4204918032786885,0.6295992714025501,1.0478142076502732,2.3024590163934424
heart_disease,1.1956521739130435,ASE-Static,0.7562610229276896,0.827774304970207,0.78873798673624,0.8114638447971781,0.9003848003848004,0.1836247723132969,0.29468123861566486,0.6278506375227687,1.1831329690346084,2.293697632058288,5.625391621129326
heart_disease,1.1956521739130435,BalancedBagging,0.7533509700176367,0.735715558971835,0.7421162208197469,0.7625340708674042,0.8505665116776229,0.23657559198542805,0.3488342440801457,0.6856102003642986,1.246903460837887,2.3694899817850636,5.737249544626594
heart_disease,1.1956521739130435,DSS,0.7828042328042328,0.8233992821456589,0.800947770287176,0.8196849446849447,0.9003954892843782,0.1769216757741348,0.2758834244080146,0.5727686703096538,1.0675774134790528,2.0571948998178504,5.026047358834244
heart_disease,1.1956521739130435,EasyEnsemble,0.7970017636684303,0.8064473314392709,0.7989858055725682,0.8166827000160333,0.9034498423387312,0.18145719489981788,0.2738797814207651,0.5511475409836065,1.0132604735883424,1.9374863387978143,4.710163934426229
heart_disease,1.1956521739130435,GB+Threshold,0.7537918871252205,0.8002473914402788,0.7737732249443096,0.7960878627545294,0.8922558922558923,0.20010928961748634,0.31227686703096535,0.6487795992714026,1.2096174863387976,2.331293260473588,5.69632058287796
heart_disease,1.1956521739130435,GradientBoost,0.7420634920634921,0.8161160937827604,0.7758227564155843,0.8003246753246753,0.8958473625140292,0.19451730418943533,0.3121129326047358,0.6648998178506375,1.2528779599271402,2.4288342440801456,5.956703096539162
heart_disease,1.1956521739130435,RF+Threshold,0.7584656084656084,0.8347166972069521,0.7929485243227571,0.8155964405964405,0.9025038747260969,0.17927140255009108,0.2892714025500911,0.619271402550091,1.169271402550091,2.269271402550091,5.569271402550091
heart_disease,1.1956521739130435,RUSBoost,0.7318342151675485,0.8267382191540112,0.7748981448738416,0.8002605419272086,0.8819638180749292,0.193551912568306,0.3156648451730419,0.6820036429872495,1.292568306010929,2.513697632058288,6.177085610200364
heart_disease,1.1956521739130435,RandomBalance,0.7444444444444444,0.8205459594371021,0.77250420490641,0.7984848484848485,0.9020709742931964,0.1968488160291439,0.31335154826958106,0.6628597449908925,1.2453734061930783,2.41040072859745,5.905482695810565
heart_disease,1.1956521739130435,RandomForest,0.7658730158730158,0.8306297779053498,0.7953336506023017,0.8162698412698413,0.9035847896959007,0.17914389799635702,0.2858105646630237,0.6058105646630237,1.1391438979963568,2.205810564663024,5.405810564663024
heart_disease,1.1956521739130435,SMOTEBoost,0.7584656084656084,0.7888682117667626,0.7705597425312756,0.7913540163540164,0.8723558334669446,0.20557377049180328,0.3155737704918033,0.6455737704918032,1.1955737704918035,2.2955737704918033,5.595573770491803
heart_disease,1.1956521739130435,SPE,0.7732804232804233,0.810037493840552,0.789036073801252,0.8088624338624338,0.895751162417829,0.18797814207650274,0.2913114754098361,0.6013114754098361,1.1179781420765027,2.151311475409836,5.251311475409836
horse_colic,1.7444444444444445,ASE-Stacking,0.9148148148148147,0.60334109441006,0.7237558535164579,0.7809625149342891,0.8907594086021505,0.25523809523809526,0.2862857142857143,0.3794285714285714,0.5346666666666666,0.8451428571428572,1.7765714285714287
horse_colic,1.7444444444444445,ASE-Static,0.6925925925925926,0.7799133580557729,0.7296462415817255,0.7878957586618877,0.8958744026284349,0.18639455782312928,0.2985578231292517,0.635047619047619,1.1958639455782314,2.317496598639456,5.682394557823129
horse_colic,1.7444444444444445,BalancedBagging,0.8148148148148148,0.6826234360181729,0.7377280832502513,0.7961506869773,0.883449074074074,0.20908843537414964,0.2766530612244898,0.4793469387755102,0.8171700680272109,1.4928163265306122,3.5197551020408167
horse_colic,1.7444444444444445,DSS,0.7222222222222222,0.7548694597829744,0.732206949349195,0.7909834229390681,0.8987791218637992,0.19044897959183676,0.29178231292517004,0.59578231292517,1.1024489795918369,2.11578231292517,5.15578231292517
horse_colic,1.7444444444444445,EasyEnsemble,0.8296296296296296,0.6917408207456217,0.7501667542489109,0.8066494922341697,0.898995669056153,0.1996734693877551,0.26179591836734695,0.44816326530612244,0.7587755102040816,1.38,3.243673469387755
horse_colic,1.7444444444444445,GB+Threshold,0.6666666666666666,0.8008714628451471,0.724062840634048,0.7835349462365591,0.8904345878136202,0.1849251700680272,0.3065034013605442,0.6712380952380952,1.2791292517006803,2.4949115646258506,6.142258503401361
horse_colic,1.7444444444444445,GradientBoost,0.662962962962963,0.782935266774276,0.7104470242011439,0.7764075567502986,0.8873245221027479,0.19303401360544217,0.316,0.6848979591836735,1.2997278911564625,2.529387755102041,6.218367346938775
horse_colic,1.7444444444444445,RF+Threshold,0.6185185185185186,0.8480576504105916,0.7089030032300332,0.7742122162485067,0.9062443996415771,0.18361904761904763,0.3226938775510204,0.7399183673469387,1.4352925170068027,2.8260408163265307,6.998285714285714
horse_colic,1.7444444444444445,RUSBoost,0.7925925925925926,0.7207585063241948,0.7511053292351371,0.8049320489844684,0.8921557646356034,0.19175510204081633,0.2674013605442177,0.4943401360544218,0.8725714285714286,1.6290340136054422,3.8984217687074834
horse_colic,1.7444444444444445,RandomBalance,0.711111111111111,0.7492119423927205,0.7171126972905009,0.7792114695340502,0.902396953405018,0.20258503401360545,0.3080816326530612,0.6245714285714286,1.1520544217687074,2.2070204081632654,5.371918367346939
horse_colic,1.7444444444444445,RandomForest,0.6,0.8246727836433719,0.6893678760740747,0.7618279569892473,0.9001773446833929,0.19439455782312925,0.34024489795918367,0.777795918367347,1.507047619047619,2.965551020408163,7.3410612244897955
horse_colic,1.7444444444444445,SMOTEBoost,0.7148148148148148,0.7451655726255269,0.7227754333674442,0.7830794504181601,0.8890232974910395,0.19858503401360544,0.30269387755102045,0.6150204081632654,1.13556462585034,2.17665306122449,5.2999183673469386
horse_colic,1.7444444444444445,SPE,0.7518518518518519,0.7538791175098215,0.7467789820735625,0.8027740442054958,0.9040882616487455,0.18361904761904763,0.27420408163265303,0.5459591836734694,0.9988843537414966,1.904734693877551,4.622285714285714
ionosphere,1.7857142857142858,ASE-Stacking,0.898974358974359,0.8559612326453261,0.8746463813731984,0.9057834757834758,0.9677310541310541,0.09215291750503019,0.1283031522468142,0.23675385647216632,0.41750503018108653,0.7790073775989269,1.8635144198524478
ionosphere,1.7857142857142858,ASE-Static,0.8672820512820513,0.92850301872041,0.8950703845083766,0.9143817663817664,0.9671977207977208,0.0722468142186452,0.11978537894030851,0.2624010731052985,0.500093896713615,0.9754795439302482,2.4016364855801475
ionosphere,1.7857142857142858,BalancedBagging,0.8727179487179487,0.8279214620504943,0.8475531999979967,0.8837663817663818,0.9394723646723647,0.11303822937625754,0.15865861837692824,0.2955197853789403,0.5236217303822938,0.9798256203890007,2.3484372904091213
ionosphere,1.7857142857142858,DSS,0.8725128205128205,0.9158535639962295,0.8919910861730994,0.9132934472934473,0.9632957264957265,0.07510395707578807,0.12075117370892019,0.2576928236083166,0.4859289067739772,0.9424010731052984,2.3118175720992626
ionosphere,1.7857142857142858,EasyEnsemble,0.869948717948718,0.9110512772251903,0.8883453559216223,0.9105299145299146,0.9622814814814815,0.07793427230046948,0.12452045606975184,0.2642790073775989,0.4972099262240107,0.9630717639168344,2.360657276995305
ionosphere,1.7857142857142858,GB+Threshold,0.8487179487179487,0.9436163691381083,0.8913878992591322,0.9095441595441596,0.9646792022792022,0.07319919517102616,0.12739101274312542,0.28996646545942323,0.5609255533199194,1.102843729040912,2.7285982562038895
ionosphere,1.7857142857142858,GradientBoost,0.8489230769230769,0.9522576264315394,0.8954907116452645,0.9118689458689458,0.9614860398860399,0.07032863849765257,0.12449362843729041,0.2869885982562039,0.557813547954393,1.0994634473507714,2.724413145539906
ionosphere,1.7857142857142858,RF+Threshold,0.8726153846153846,0.9388333888333888,0.9033801906413712,0.920011396011396,0.9777549857549858,0.06655935613682093,0.11219315895372234,0.24909456740442656,0.47726358148893355,0.9336016096579478,2.30261569416499
ionosphere,1.7857142857142858,RUSBoost,0.8779487179487179,0.8431088739309628,0.8585217155481873,0.8915669515669516,0.924294017094017,0.10453386988598257,0.14826291079812207,0.27945003353454057,0.4980952380952381,0.9353856472166331,2.247256874580818
ionosphere,1.7857142857142858,RandomBalance,0.8695384615384615,0.9151410221555148,0.8861125072037511,0.9073618233618234,0.9685264957264957,0.08163648558014755,0.1282763246143528,0.2681958417169685,0.5013950368879947,0.9677934272300469,2.3669885982562042
ionosphere,1.7857142857142858,RandomForest,0.8726153846153846,0.9443964730921253,0.9058572194835381,0.9214928774928774,0.9761925925925926,0.06465459423205902,0.11028839704896042,0.24718980549966466,0.4753588195841717,0.9316968477531858,2.300710932260228
ionosphere,1.7857142857142858,SMOTEBoost,0.8620512820512821,0.9120573870573871,0.8848614803781044,0.9073219373219373,0.9671293447293448,0.07983903420523138,0.12926894701542588,0.27755868544600937,0.5247082494969819,1.019007377598927,2.5019047619047616
ionosphere,1.7857142857142858,SPE,0.8726153846153846,0.9249899858595511,0.8958038854559255,0.9155669515669516,0.9617481481481481,0.0722468142186452,0.11788061703554661,0.25478202548625084,0.4829510395707579,0.9392890677397719,2.3083031522468143
iris_setosa,2.0,ASE-Stacking,1.0,1.0,1.0,1.0,1.0,0.0,0.0,0.0,0.0,0.0,0.0
iris_setosa,2.0,ASE-Static,1.0,1.0,1.0,1.0,1.0,0.0,0.0,0.0,0.0,0.0,0.0
iris_setosa,2.0,BalancedBagging,1.0,1.0,1.0,1.0,1.0,0.0,0.0,0.0,0.0,0.0,0.0
iris_setosa,2.0,DSS,1.0,1.0,1.0,1.0,1.0,0.0,0.0,0.0,0.0,0.0,0.0
iris_setosa,2.0,EasyEnsemble,1.0,1.0,1.0,1.0,1.0,0.0,0.0,0.0,0.0,0.0,0.0
iris_setosa,2.0,GB+Threshold,1.0,1.0,1.0,1.0,1.0,0.0,0.0,0.0,0.0,0.0,0.0
iris_setosa,2.0,GradientBoost,1.0,1.0,1.0,1.0,1.0,0.0,0.0,0.0,0.0,0.0,0.0
iris_setosa,2.0,RF+Threshold,1.0,1.0,1.0,1.0,1.0,0.0,0.0,0.0,0.0,0.0,0.0
iris_setosa,2.0,RUSBoost,1.0,0.3333333333333333,0.5,0.5,0.5,0.6666666666666666,0.6666666666666666,0.6666666666666666,0.6666666666666666,0.6666666666666666,0.6666666666666666
iris_setosa,2.0,RandomBalance,1.0,1.0,1.0,1.0,1.0,0.0,0.0,0.0,0.0,0.0,0.0
iris_setosa,2.0,RandomForest,1.0,1.0,1.0,1.0,1.0,0.0,0.0,0.0,0.0,0.0,0.0
iris_setosa,2.0,SMOTEBoost,1.0,0.3333333333333333,0.5,0.5,0.5,0.6666666666666666,0.6666666666666666,0.6666666666666666,0.6666666666666666,0.6666666666666666,0.6666666666666666
iris_setosa,2.0,SPE,1.0,1.0,1.0,1.0,1.0,0.0,0.0,0.0,0.0,0.0,0.0
pima_diabetes,1.8656716417910448,ASE-Stacking,0.8904728627999069,0.5149853556715545,0.651676912223037,0.7185697647332868,0.8240465874679711,0.3333842627960275,0.3715870186458422,0.48619528619528624,0.6772090654443595,1.0592366239425062,2.205319299436946
pima_diabetes,1.8656716417910448,ASE-Static,0.7175168879571394,0.6508660620054961,0.6809574402313755,0.7544251106452364,0.835546703936641,0.2344198285374756,0.3329598506069094,0.6285799168152109,1.1212800271623802,2.106680247856718,5.062880909939733
pima_diabetes,1.8656716417910448,BalancedBagging,0.7773119030980666,0.5829388940740023,0.6647022289675202,0.7379892848823667,0.8067196599114838,0.27392694451517985,0.3516226692697281,0.584709843533373,0.9731884673061143,1.7501457148515973,4.081017457488046
pima_diabetes,1.8656716417910448,DSS,0.7425343582576287,0.6376316453094354,0.6849267226239342,0.7569338457954811,0.8354591194968554,0.23875166228107406,0.3285940638881815,0.598121268709504,1.0473332767450416,1.9457572928161162,4.64102934102934
pima_diabetes,1.8656716417910448,EasyEnsemble,0.7610761705101328,0.6183339502791111,0.6809083779475787,0.7535380852550664,0.8300718611693455,0.2487338369691311,0.33207990266813797,0.5821180997651586,0.9988484282601929,1.8323090852502617,4.332691056220468
pima_diabetes,1.8656716417910448,GB+Threshold,0.5995574190542744,0.6852307688291756,0.6364890466078986,0.7244453761938039,0.8311843699044956,0.23788020258608494,0.3776278188042894,0.7968706674589028,1.4956087485499252,2.89308491073197,7.0855133972781035
pima_diabetes,1.8656716417910448,GradientBoost,0.5944327975774517,0.687731658727451,0.6351677472105999,0.7235497321220592,0.8270119962730026,0.2374614492261551,0.37896330249271426,0.8034688622923917,1.5109781286251873,2.925996661290779,7.171052259287553
pima_diabetes,1.8656716417910448,RF+Threshold,0.601840204984859,0.6887341239109314,0.6404976963639585,0.7269201024924296,0.8252070812951315,0.2352799705740882,0.37418442124324475,0.7908977732507144,1.4854200265964972,2.8744645332880627,7.041598053362759
pima_diabetes,1.8656716417910448,RUSBoost,0.7748893547635686,0.5976923067362193,0.6718415974103851,0.7447780107151176,0.822525856044724,0.26438898791839965,0.34294485470956054,0.5786124550830433,0.9713917890388478,1.7569504569504568,4.113626460685285
pima_diabetes,1.8656716417910448,RandomBalance,0.7475890985324948,0.6270624365266586,0.6754038158528098,0.7501278825995806,0.833208013044491,0.24918654330419035,0.3372831961067255,0.6015731545143309,1.0420564185270067,1.9230229465523583,4.565922530628413
pima_diabetes,1.8656716417910448,RandomForest,0.5919869555089681,0.6976257028579327,0.6384850732290632,0.7263268110878174,0.823469485208479,0.23309849192202134,0.3754633166397872,0.8025577907930849,1.5143819143819144,2.9380301615595736,7.2089749030925505
pima_diabetes,1.8656716417910448,SMOTEBoost,0.7436757512229211,0.5841784652730451,0.6532972507108535,0.7288378756114605,0.8116575821104123,0.2756528874175933,0.3650737062501769,0.6333361627479275,1.080440256910845,1.9746484452366806,4.657273010214187
pima_diabetes,1.8656716417910448,SPE,0.7562077801071513,0.6313572487817761,0.6869201928671361,0.7587705567202422,0.8343202888423014,0.2404917522564581,0.3255609314432844,0.5807684690037631,1.0061143649378943,1.856806156806157,4.408881532410944
sonar,1.1443298969072164,ASE-Stacking,0.9447368421052631,0.713647268015084,0.8100990075391946,0.801617432910339,0.916031828583316,0.20793650793650795,0.23360433604336042,0.31060782036391793,0.4389469608981804,0.6956252419667054,1.4656600851722803
sonar,1.1443298969072164,ASE-Static,0.7673684210526316,0.8648845187706407,0.8099123070640099,0.8299292698148534,0.9217783094098883,0.16639566395663954,0.2752226093689509,0.6017034456058846,1.1458381726674411,2.2341076267905535,5.498915989159892
sonar,1.1443298969072164,BalancedBagging,0.7836842105263158,0.7579931252646289,0.767623261585109,0.7808407877401012,0.8506818181818182,0.2197444831591173,0.32075106465350367,0.6237708091366627,1.1288037166085947,2.1388695315524586,5.169066976384049
sonar,1.1443298969072164,DSS,0.7705263157894736,0.8319925599569563,0.7971316429211167,0.8133922751542889,0.9140822411760626,0.1840108401084011,0.2912891986062718,0.6131242740998838,1.1495160665892372,2.2222996515679445,5.440650406504065
sonar,1.1443298969072164,EasyEnsemble,0.8492982456140351,0.8435515167094114,0.8418984367636485,0.8497479370362665,0.9094220234380418,0.15040650406504064,0.22090592334494774,0.432404181184669,0.7849012775842044,1.4898954703832752,3.604878048780488
sonar,1.1443298969072164,GB+Threshold,0.7771929824561403,0.8705170178928423,0.8170606297261646,0.8350391789751057,0.9204489979890437,0.16155632984901278,0.26562137049941925,0.5778164924506388,1.0981416957026713,2.1387921022067364,5.260743321718932
sonar,1.1443298969072164,GradientBoost,0.7810526315789474,0.8573253786640513,0.8141595744691721,0.8324235489910546,0.9169554815893489,0.16473093302361594,0.2671312427409988,0.5743321718931474,1.086333720480062,2.1103368176538906,5.182346109175378
sonar,1.1443298969072164,RF+Threshold,0.7575438596491229,0.8613757058887629,0.801394393159099,0.8220525622356285,0.9218438388461272,0.1743708865660085,0.28792102206736353,0.6285714285714286,1.1963221060782037,2.3318234610917536,5.738327526132404
sonar,1.1443298969072164,RUSBoost,0.7287719298245613,0.7994891054937495,0.7574446968287111,0.7807891269676167,0.8488064281256501,0.216260162601626,0.3429345722028649,0.7229578010065815,1.356329849012776,2.623073945025164,6.4233062330623305
sonar,1.1443298969072164,RandomBalance,0.826140350877193,0.8018303256770749,0.8033089749030687,0.8149147077179114,0.9160335621662853,0.1871080139372822,0.2687959736740224,0.5138598528842432,0.9222996515679441,1.7391792489353466,4.189818041037553
sonar,1.1443298969072164,RandomForest,0.7366666666666667,0.8712183393375345,0.7940448623730357,0.819189723320158,0.9277182580958325,0.1759194734804491,0.2991095625241967,0.6686798296554394,1.2846302748741774,2.5165311653116533,6.212233836624081
sonar,1.1443298969072164,SMOTEBoost,0.7914035087719299,0.8537693982430824,0.8159856270349747,0.833119409194924,0.9181249566604258,0.16476964769647695,0.26248548199767713,0.5556329849012777,1.0442121564072784,2.02137049941928,4.952845528455285
sonar,1.1443298969072164,SPE,0.7910526315789473,0.8176236720509167,0.799802136722774,0.8164749323902641,0.9150814783995561,0.18238482384823848,0.2800232288037166,0.5729384436701509,1.0611304684475416,2.037514518002323,4.966666666666667
spambase,1.5377826806398236,ASE-Stacking,0.959738520311097,0.8895628730183844,0.9232140979892929,0.9410711031058132,0.9850638803297038,0.0628846244630128,0.07875017702874948,0.12634683472595948,0.20567459755464287,0.36433012321200964,0.84029670018411
spambase,1.5377826806398236,ASE-Static,0.92609926487375,0.935448704309294,0.9306427426092384,0.9422459799977329,0.9853465448873848,0.05433531605532738,0.08345898440573415,0.1708299894569545,0.31644833120898835,0.607685014713056,1.4813950652252592
spambase,1.5377826806398236,BalancedBagging,0.9325221070575165,0.9015018796781532,0.9166548338894186,0.9330832298488206,0.9751146748854318,0.06679751058238524,0.09338644195817401,0.17315323608554029,0.3060978929644841,0.5719872067223718,1.3696551479960346
spambase,1.5377826806398236,DSS,0.9132302431649494,0.9301993321950291,0.9215264969415669,0.9343165387580332,0.982647461927323,0.061217957796346124,0.0954127523643173,0.19799713606823083,0.36897110890808665,0.7109190545877984,1.7367628916269335
spambase,1.5377826806398236,EasyEnsemble,0.9224226189570238,0.9118364287246913,0.9169769684526744,0.9321578163027044,0.9796246412810871,0.06578230971376418,0.09635454531149193,0.18807125210467515,0.3409324300933138,0.6466547860705912,1.5638218540024234
spambase,1.5377826806398236,GB+Threshold,0.9233388632685469,0.9456095125246917,0.9342470452983603,0.9443925236380742,0.9861381526239013,0.0511474610143354,0.08135761380981604,0.171988072196258,0.3230388361736613,0.6251403641284679,1.5314449479928873
spambase,1.5377826806398236,GradientBoost,0.9251779472271687,0.9450567509075488,0.9348864545716665,0.945073009743303,0.9864425660291377,0.05071299312341658,0.08019874427607045,0.168655997734032,0.31608475349730125,0.61094226502384,1.4955147996034557
spambase,1.5377826806398236,RF+Threshold,0.9283005849555322,0.9522930610217961,0.9400770686039893,0.9490245656041965,0.9862329488801174,0.046584289288580466,0.07483902185714959,0.159603219562857,0.3008768824057027,0.5834242080913941,1.431066185148468
spambase,1.5377826806398236,RUSBoost,0.8540122470308307,0.8612968772504058,0.8570810828332508,0.8819290229017421,0.9266309446388408,0.11215101732521361,0.1696752112543077,0.34224779304159,0.6298687626870604,1.2051107019780012,2.9308365198508235
spambase,1.5377826806398236,RandomBalance,0.9137776560177363,0.9297736762399943,0.9211999123797698,0.9341700473761476,0.9833930467967826,0.061508206266030936,0.09548529481187745,0.197416560449417,0.3673020031786496,0.7070728886371146,1.7263855450125098
spambase,1.5377826806398236,RandomForest,0.9268293177886346,0.9531841418777592,0.9397475960232223,0.9485886902836728,0.9861348407410924,0.04680120851626304,0.0756354151914271,0.16213803521691922,0.30630906859273943,0.59465113534438,1.4596773355993014
spambase,1.5377826806398236,SMOTEBoost,0.9411711286648504,0.8884283230812802,0.9139370609624661,0.9320864148093572,0.9825133604172094,0.06983925789548223,0.0930222348109333,0.16257116555728648,0.27848605013454186,0.5103158192890526,1.2058051267525844
spambase,1.5377826806398236,SPE,0.911943138060667,0.9359048879349879,0.9236503865397209,0.9356453848511349,0.9831794327971426,0.059334135863664254,0.09403609812900281,0.1981419849250185,0.3716517962517113,0.7186714189050968,1.7597302868652536
titanic,1.605263157894737,ASE-Stacking,0.9980676328502416,0.3833757419738914,0.5539583136460854,0.4990338164251208,0.5004629995015739,0.6169104262130437,0.6176573975268345,0.6198983114682066,0.6236331680371603,0.6311028811750674,0.6535120205887891
titanic,1.605263157894737,ASE-Static,0.36176470588235293,0.3955765723540539,0.37638376361544357,0.5078409295327806,0.4986305142985262,0.458284686041889,0.7032933693218673,1.4383194191618018,2.663362835561693,5.113449668361475,12.463710166760823
titanic,1.605263157894737,BalancedBagging,0.45502983802216534,0.38535959630950967,0.41667884920701326,0.5013625698312105,0.5017447872042654,0.4878392233172221,0.6969514364028204,1.3242880756596156,2.369849141087607,4.46097127194359,10.73433766451154
titanic,1.605263157894737,DSS,0.3423557828928673,0.37471240324393745,0.3555277368757418,0.4938523423777653,0.49477726536819905,0.47100621429916517,0.7234846107170506,1.4809197999707069,2.7433117820601343,5.268095746238989,12.842447638775553
titanic,1.605263157894737,EasyEnsemble,0.5144501278772379,0.3765499503752217,0.42842579899944655,0.4913979858179628,0.5094064865554108,0.5136693658067081,0.6999330445881196,1.258724080932354,2.1900424748394114,4.052679262653527,9.640589626095872
titanic,1.605263157894737,GB+Threshold,0.06246092639954533,0.3685906685906686,0.10321443663325833,0.493601883828074,0.4925832185625939,0.4062707927939238,0.7661665934341849,1.8458539953549684,3.6453329985562744,7.244291004958885,18.04116502416672
titanic,1.605263157894737,GradientBoost,0.237027564649048,0.37657073058377033,0.2888004780560279,0.4964926536061476,0.5024175078644916,0.4433327056263469,0.7362438013935095,1.614977088694997,3.07953256753081,6.0086435252024355,14.795976398217311
titanic,1.605263157894737,RF+Threshold,0.2613526570048309,0.4128026933267408,0.3174393584866944,0.512633515046758,0.5125658251962835,0.42909003410541297,0.7126441110622894,1.563306341932919,2.9810767267173017,5.816617496286067,14.323239804992363
titanic,1.605263157894737,RUSBoost,0.4618641659562376,0.3812212188420504,0.4108852302750076,0.4986690860362228,0.5044452633043403,0.4927123218881426,0.6992132739104053,1.3187161299771935,2.3512208900885065,4.416230410311133,10.611258970979014
titanic,1.605263157894737,RandomBalance,0.5162972435350952,0.3794213661910218,0.38424859055867533,0.49633322004388897,0.5039554962089512,0.508806729018894,0.6947084301048271,1.2524135333626263,2.181922038792292,4.040939049651623,9.617990082229616
titanic,1.605263157894737,RandomForest,0.3897271952259164,0.3899791071328279,0.3893024844313157,0.5045272061756493,0.5071468248974174,0.46876948507103555,0.7029523151926014,1.405500805557299,2.576414956165129,4.918243257380788,11.943728161027765
titanic,1.605263157894737,SMOTEBoost,0.6644643364592214,0.3891675363931783,0.48882673067927995,0.5079313620021989,0.502322721572704,0.5282635532400143,0.6569665013704936,1.0430753457619317,1.6865900864143284,2.9736195677191217,6.834708011633503
titanic,1.605263157894737,SPE,0.6686274509803921,0.3869742131988988,0.48949848787221,0.503702104695089,0.4978258339513296,0.5346159479421673,0.6618082145920952,1.0433850145418786,1.6793463477915176,2.9512690142907956,6.76703701378863
transfusion,3.202247191011236,ASE-Stacking,0.7925396825396825,0.3330374534171342,0.4674357013939996,0.6456850459482039,0.7156453634085213,0.4313646532438479,0.4808053691275168,0.6291275167785234,0.876331096196868,1.3707382550335572,2.853959731543624
transfusion,3.202247191011236,ASE-Static,0.5562433862433862,0.4781397201995386,0.512421143274569,0.6828000556947925,0.7283036294439803,0.25088441461595823,0.3564921700223714,0.6733154362416107,1.2013542132736765,2.2574317673378075,5.425664429530201
transfusion,3.202247191011236,BalancedBagging,0.631005291005291,0.34490741441687983,0.4448863745656152,0.6266137566137566,0.673752204585538,0.37561222967934377,0.46340343027591346,0.7267770320656227,1.1657330350484714,2.0436450410141687,4.67738105891126
transfusion,3.202247191011236,DSS,0.5711640211640211,0.4655159153986688,0.5112164099483404,0.6826580339738234,0.7318028868467465,0.2589082774049217,0.3609545115585384,0.6670932140193885,1.177324384787472,2.1977867263236393,5.25917375093214
transfusion,3.202247191011236,EasyEnsemble,0.7134391534391534,0.378187385776396,0.49363393176871123,0.672801448064606,0.7501875058015409,0.348462341536167,0.41664429530201347,0.6211901565995526,0.9620999254287845,1.6439194630872482,3.68937807606264
transfusion,3.202247191011236,GB+Threshold,0.2696296296296296,0.5779156392358035,0.3642275185733053,0.6032358674463938,0.7252039821776664,0.2219179716629381,0.3957106636838181,0.9170887397464579,1.7860521998508576,3.523979120059657,8.737759880686054
transfusion,3.202247191011236,GradientBoost,0.2883068783068783,0.5410141776008649,0.3715785777004946,0.6052645502645503,0.7091355704075002,0.22859955257270695,0.39793885160328113,0.9059567486950038,1.7526532438478748,3.446046234153617,8.526225205070842
transfusion,3.202247191011236,RF+Threshold,0.3331216931216931,0.48459708764747034,0.3912271772530748,0.6098357003620162,0.6957381880627495,0.24513348247576436,0.4037852348993288,0.8797404921700224,1.672999254287845,3.2595167785234898,8.019069351230424
transfusion,3.202247191011236,RUSBoost,0.6780952380952381,0.38171783519969166,0.48672791450460096,0.6662406015037594,0.7166067947646895,0.3400387770320656,0.4166741237882177,0.6465801640566742,1.0297568978374347,1.796110365398956,4.09517076808352
transfusion,3.202247191011236,RandomBalance,0.616084656084656,0.4343414507453033,0.47343059270080595,0.6589195210247841,0.7340446022463566,0.3186010439970171,0.4099537658463833,0.6840119313944817,1.1407755406413123,2.054302759134974,4.794884414615959
transfusion,3.202247191011236,RandomForest,0.36703703703703705,0.4323317676532246,0.3934093253477168,0.6051559454191033,0.6787241251276338,0.27006413124533934,0.42068307233407903,0.8725398956002982,1.625634601043997,3.1318240119313945,7.650392244593587
transfusion,3.202247191011236,SMOTEBoost,0.6349735449735451,0.4116405383552076,0.49609104027617335,0.6733347257031467,0.7259493641511184,0.3065652498135719,0.39345264727815066,0.6541148396718867,1.08855182699478,1.9574258016405668,4.564047725577927
transfusion,3.202247191011236,SPE,0.7193650793650794,0.3751165478540168,0.49269519241017673,0.6725480367585631,0.7326499118165785,0.35203579418344516,0.4188635346756152,0.6193467561521253,0.9534854586129754,1.6217628635346757,3.6265950782997765
wine,2.7083333333333335,ASE-Stacking,0.965925925925926,0.9678787878787879,0.9662204530935181,0.9765527065527065,0.9967663817663818,0.018571428571428572,0.027883597883597882,0.05582010582010581,0.10238095238095239,0.1955026455026455,0.4748677248677249
wine,2.7083333333333335,ASE-Static,0.965925925925926,0.9678787878787879,0.9662204530935181,0.9765527065527065,0.9965099715099714,0.018571428571428572,0.027883597883597882,0.05582010582010581,0.10238095238095239,0.1955026455026455,0.4748677248677249
wine,2.7083333333333335,BalancedBagging,0.9792592592592592,0.9135042735042735,0.9427894777632293,0.9703988603988605,0.9967663817663818,0.03349206349206349,0.039100529100529094,0.05592592592592592,0.08396825396825397,0.14005291005291007,0.30830687830687836
wine,2.7083333333333335,DSS,0.9792592592592592,0.9761616161616161,0.9766677835408486,0.9845014245014245,0.997122507122507,0.013015873015873014,0.018624338624338623,0.035449735449735446,0.0634920634920635,0.11957671957671959,0.2878306878306878
wine,2.7083333333333335,EasyEnsemble,1.0,0.9134465534465535,0.9521534402541268,0.9794871794871796,1.0,0.029682539682539682,0.029682539682539682,0.029682539682539682,0.029682539682539682,0.029682539682539682,0.029682539682539682
wine,2.7083333333333335,GB+Threshold,0.9259259259259259,0.9751515151515151,0.948197618228578,0.9578347578347579,0.9885470085470086,0.027830687830687827,0.04825396825396825,0.10952380952380952,0.21164021164021166,0.4158730158730159,1.0285714285714287
wine,2.7083333333333335,GradientBoost,0.9392592592592592,0.9822222222222223,0.9580100280409878,0.9657834757834759,0.9890598290598291,0.022275132275132274,0.03899470899470899,0.08915343915343915,0.17275132275132277,0.33994708994709,0.8415343915343916
wine,2.7083333333333335,RF+Threshold,1.0,0.9878787878787879,0.9936507936507937,0.9974358974358974,1.0,0.0037037037037037034,0.0037037037037037034,0.0037037037037037034,0.0037037037037037034,0.0037037037037037034,0.0037037037037037034
wine,2.7083333333333335,RUSBoost,0.9725925925925926,0.9439057239057239,0.9569747601326548,0.9747578347578347,0.9935470085470085,0.02423280423280423,0.03169312169312169,0.05407407407407407,0.09137566137566137,0.16597883597883598,0.38978835978835974
wine,2.7083333333333335,RandomBalance,0.9725925925925926,0.9384770784770784,0.9525889434894684,0.9721937321937322,0.997022792022792,0.027883597883597882,0.035343915343915344,0.05772486772486773,0.09502645502645503,0.16962962962962963,0.3934391534391535
wine,2.7083333333333335,RandomForest,1.0,0.9828282828282828,0.9907647907647907,0.9961538461538463,1.0,0.005555555555555555,0.005555555555555555,0.005555555555555555,0.005555555555555555,0.005555555555555555,0.005555555555555555
wine,2.7083333333333335,SMOTEBoost,1.0,0.2695238095238095,0.42450592885375493,0.5,0.5,0.7304761904761905,0.7304761904761905,0.7304761904761905,0.7304761904761905,0.7304761904761905,0.7304761904761905
wine,2.7083333333333335,SPE,0.985925925925926,0.9634343434343434,0.9734931803662454,0.9852706552706553,0.9972792022792023,0.01492063492063492,0.018677248677248678,0.029947089947089944,0.048730158730158735,0.08629629629629629,0.198994708994709
yeast4,28.098039215686274,ASE-Stacking,0.5,0.28756179664848397,0.35281827481215694,0.7255707706927219,0.9159226582729908,0.06423620590287257,0.08130782297448964,0.13252267418934086,0.21788075954742622,0.38859693026359693,0.9007454424121091
yeast4,28.098039215686274,ASE-Static,0.5854545454545454,0.2639449846616263,0.35520597011754435,0.7623641399251155,0.9238001983234799,0.07277732277732278,0.08692859526192859,0.12938241271574605,0.20013877513877515,0.34165149998483335,0.7661896745230078
yeast4,28.098039215686274,BalancedBagging,0.8472727272727273,0.12882304655244095,0.2230486719047621,0.8201256467110126,0.9048477981737405,0.20506036339369674,0.2102291685625019,0.22573558406891742,0.25157960991294326,0.30326766160099494,0.45833181666515
yeast4,28.098039215686274,DSS,0.6375757575757576,0.2221644167906563,0.3258437007529532,0.7783027541564127,0.9273321873987063,0.09052840719507387,0.10288318621651955,0.1399475232808566,0.20172141838808505,0.32526920860254194,0.6959125792459127
yeast4,28.098039215686274,EasyEnsemble,0.7563636363636363,0.14564983722431227,0.2425795436228925,0.7966349098056414,0.9071849362758454,0.16576500743167408,0.17407862407862407,0.19901947401947404,0.24058755725422393,0.3237237237237237,0.5731322231322231
yeast4,28.098039215686274,GB+Threshold,0.21818181818181817,0.5677633477633478,0.2919742830269146,0.6057162349845276,0.9142529163371736,0.03324309157642491,0.059973609973609975,0.14016516516516517,0.27381775715109047,0.5411229411229411,1.3430384930384929
yeast4,28.098039215686274,GradientBoost,0.21818181818181817,0.585925925925926,0.2956987456987457,0.6057146105926594,0.9175436536855606,0.03324612491279158,0.059977401644068305,0.1401712318378985,0.27382761549428214,0.5411403828070495,1.3430786847453513
yeast4,28.098039215686274,RF+Threshold,0.1339393939393939,0.5177777777777778,0.19477022977022976,0.5649907815761475,0.9050573299575517,0.033470591803925136,0.06312145478812145,0.1520740437407104,0.300328358661692,0.5968369885036552,1.4863628780295448
yeast4,28.098039215686274,RUSBoost,0.833939393939394,0.12995192904846556,0.22365080882087962,0.8142711759784931,0.9167562961797996,0.20394182060848728,0.20955955955955957,0.22641277641277643,0.2545014711681378,0.3106788606788607,0.4792110292110292
yeast4,28.098039215686274,RandomBalance,0.6042424242424242,0.28477251234782996,0.3783801549720538,0.772801751094434,0.9182500795582836,0.07009357842691176,0.08357145023811689,0.12400506567173235,0.19139442472775806,0.32617314283980947,0.7305092971759638
yeast4,28.098039215686274,RandomForest,0.11575757575757575,0.5666666666666667,0.18516777340306753,0.556830649025771,0.9149687415319344,0.032347499014165684,0.062673279339946,0.153650620317287,0.3052795219461886,0.6085373252039918,1.5183107349774017
yeast4,28.098039215686274,SMOTEBoost,0.28969696969696973,0.5623304473304473,0.3606509686850244,0.6398441396002372,0.9043859318803887,0.033921800588467256,0.058182424849091516,0.1309642976309643,0.2522674189340856,0.49487366154032825,1.222692389359056
yeast4,28.098039215686274,SPE,0.729090909090909,0.20809029645069188,0.3204573686261306,0.813824630653899,0.9268614903204704,0.10713971547304882,0.11635119968453302,0.14398565231898566,0.19004307337640672,0.2821579154912488,0.5585024418357752
yeast5,32.72727272727273,ASE-Stacking,0.8925925925925926,0.6372003965533377,0.7263985285790634,0.9368055555555556,0.9904513888888888,0.021557163223829893,0.024702733036066366,0.034139442472775804,0.0498672915339582,0.081322989656323,0.17569008402341738
yeast5,32.72727272727273,ASE-Static,0.8324074074074074,0.6783383283383284,0.7367940680189974,0.909375,0.9915348508230453,0.018188643188643192,0.023130706464039797,0.03795689629022962,0.06266721266721267,0.11208784542117875,0.260349743683077
yeast5,32.72727272727273,BalancedBagging,0.9694444444444444,0.3726203810398184,0.5363794791042713,0.9591435185185185,0.9879340277777777,0.05053462553462554,0.051433251433251434,0.05412912912912913,0.05862225862225863,0.06760851760851762,0.09456729456729457
yeast5,32.72727272727273,DSS,0.8925925925925926,0.6233113781643193,0.7283673318903939,0.9375,0.9849472736625515,0.020211878545211878,0.02335744835744836,0.03279415779415779,0.04852200685534019,0.07997770497770498,0.17434479934479935
yeast5,32.72727272727273,EasyEnsemble,0.9768518518518519,0.31906244778508075,0.4790376993067972,0.9555555555555556,0.9861175411522634,0.06446218946218946,0.0651363484696818,0.06715882549215883,0.07052962052962052,0.07727121060454394,0.09749598082931415
yeast5,32.72727272727273,GB+Threshold,0.6944444444444444,0.7858730158730158,0.7246166904243361,0.8439814814814814,0.9806873713991769,0.01527284860618194,0.024259107592440928,0.05121788455121789,0.09614917948251282,0.1860117693451027,0.45559953893287225
yeast5,32.72727272727273,GradientBoost,0.6555555555555556,0.7676562326562326,0.6938406399242312,0.8244212962962963,0.9807195216049382,0.01662116662116662,0.026731276731276732,0.05706160706160706,0.10761215761215762,0.20871325871325871,0.512016562016562
yeast5,32.72727272727273,RF+Threshold,0.5731481481481481,0.8228956228956229,0.6459029423735306,0.7842592592592593,0.987644675925926,0.017069342069342068,0.029649346316012983,0.06738935905602572,0.13028938028938028,0.2560894227560894,0.6334895501562168
yeast5,32.72727272727273,RUSBoost,0.961111111111111,0.34188486837369775,0.5010426744212596,0.9506944444444444,0.9844296553497942,0.05906588406588407,0.06018973518973519,0.06356128856128856,0.06918054418054419,0.08041905541905542,0.11413458913458913
yeast5,32.72727272727273,RandomBalance,0.9,0.6588149521044258,0.7473622561013865,0.9416666666666667,0.9889499742798354,0.01908651075317742,0.022007613674280342,0.030770922437589106,0.04537643704310371,0.07458746625413291,0.16222055388722056
yeast5,32.72727272727273,RandomForest,0.6018518518518519,0.8580153180153179,0.6696806026217791,0.7987268518518519,0.9883439429012346,0.015947765947765948,0.0276306609639943,0.06267934601267934,0.1210938210938211,0.2379227712561046,0.5884096217429551
yeast5,32.72727272727273,SMOTEBoost,0.6990740740740741,0.8275757575757576,0.7246316016285057,0.846412037037037,0.9839248971193416,0.014824673158006492,0.02358874025540692,0.04988094154760822,0.09370127703461037,0.18134194800861467,0.44426396093062764
yeast5,32.72727272727273,SPE,0.8296296296296296,0.6497354497354497,0.718815588787971,0.9074074074074073,0.9920653292181071,0.01931628598295265,0.02426062426062426,0.03909363909363909,0.06381533048199714,0.11325871325871326,0.2615888615888616
yeast6,41.4,ASE-Stacking,0.5904761904761905,0.4747871572871573,0.5104096707448437,0.7862682030215737,0.9067796205703377,0.02717566050899384,0.03683456183456183,0.06581126581126581,0.11410577243910576,0.2106947856947857,0.5004618254618255
yeast6,41.4,ASE-Static,0.6476190476190475,0.40259132716293844,0.481519559251017,0.8103536911722092,0.9202739757160471,0.03458837625504292,0.0428997178997179,0.06783374283374283,0.10939045105711773,0.19250386750386753,0.44184411684411684
yeast6,41.4,BalancedBagging,0.8476190476190476,0.1081782000685196,0.1913013881720519,0.8378873983670547,0.9022676575701275,0.17138653805320472,0.1749817999818,0.18576758576758576,0.20374389541056206,0.23969651469651468,0.34755437255437255
yeast6,41.4,DSS,0.7142857142857142,0.328314126075736,0.4411998434888182,0.8379363185436446,0.9222565780876245,0.044247277580610915,0.050987350987350986,0.07120757120757121,0.10490793824127158,0.1723086723086723,0.3745108745108745
yeast6,41.4,EasyEnsemble,0.8476190476190476,0.1396426684256137,0.2391780359264427,0.8602109078925687,0.9349970738802621,0.12779294445961112,0.1313882063882064,0.14217399217399215,0.1601503018169685,0.1961029211029211,0.30396077896077894
yeast6,41.4,GB+Threshold,0.4,0.5508994708994709,0.450497868144927,0.6956297975579684,0.9044346907119846,0.022684047684047685,0.03683380350047017,0.07928307094973762,0.15003185003185002,0.29152940819607487,0.7160220826887493
yeast6,41.4,GradientBoost,0.3904761904761905,0.5622751322751323,0.4484055160525749,0.690752950267328,0.8976756382066011,0.023133739800406467,0.03750872084205417,0.0806336639669973,0.15250856917523584,0.2962583795917129,0.7275078108411442
yeast6,41.4,RF+Threshold,0.3714285714285714,0.8088888888888889,0.5001346801346801,0.6844491224481679,0.8970915506161897,0.017295325628658965,0.03211999878666545,0.07659401826068493,0.15071738405071738,0.2989641156307823,0.7437043103709772
yeast6,41.4,RUSBoost,0.8095238095238095,0.12942170065889277,0.22144946508503174,0.8356444565655876,0.9212145385537582,0.13946901446901447,0.14396290229623562,0.15744456577789911,0.17991400491400492,0.22485288318621652,0.35966951800285135
yeast6,41.4,RandomBalance,0.6952380952380952,0.42860409570935887,0.5162979258634574,0.8343911114141397,0.9211498798302282,0.03302089968756636,0.040209906876573547,0.06177692844359511,0.09772196438863107,0.16961203627870294,0.38528225194891863
yeast6,41.4,RandomForest,0.3714285714285714,0.7744444444444445,0.48596218596218593,0.6842196351157096,0.8743044073613219,0.017744259410926076,0.03256969090302424,0.07704598537931871,0.15117314283980948,0.29942745776079105,0.7441904025237359
yeast6,41.4,SMOTEBoost,0.4,0.5740740740740741,0.451533129180188,0.6959750228691882,0.9037506605076107,0.02201292201292201,0.03616571116571117,0.07862407862407862,0.1493880243880244,0.29091591591591587,0.7154995904995904
yeast6,41.4,SPE,0.780952380952381,0.25269492882792116,0.3753220215289181,0.860575224004409,0.9218253305378946,0.06355901355901356,0.0687263020596354,0.0842281675615009,0.11006461006461007,0.1617374950708284,0.31675615008948343
